Price from,2018-01-30 23:50,
Item Name ,Item Price,Item Url
Видеокарта PCI-E  1Gb GeForce GT710 (DDR3) Palit (NEAT7100HD06-2080H),1093,https://elmir.ua/video_cards/graphics_card_pci-e_1gb_geforce_gt710_ddr3_palit_neat7100hd06-2080h.html
Видеокарта PCI-E  1Gb GeForce 210 (DDR3) GigaByte (GV-N210SL-1GI),1116,https://elmir.ua/video_cards/graphics_card_pci-e_1gb_geforce_210_ddr3_gigabyte_gv-n210sl-1gi.html
Видеокарта PCI-E  1Gb GeForce 210 (DDR3) GigaByte (GV-N210D3-1GI),1130,https://elmir.ua/video_cards/graphics_card_pci-e_1gb_geforce_210_ddr3_gigabyte_gv-n210d3-1gi.html
Видеокарта PCI-E  1Gb GeForce GT710 (DDR3) MSI (GT 710 1GD3H LP),1140,https://elmir.ua/video_cards/graphics_card_pci-e_1gb_geforce_gt710_ddr3_msi_gt_710_1gd3h_lp.html
Видеокарта PCI-E  2Gb GeForce GT610 (DDR3) Palit (NEAT6100HD46-1196F),1146,https://elmir.ua/video_cards/graphics_card_pci-e_2gb_geforce_gt610_ddr3_palit_neat6100hd46-1196f.html
Видеокарта PCI-E  2Gb GeForce GT710 (DDR3) Palit (NEAT7100HD46-2080H),1160,https://elmir.ua/video_cards/graphics_card_pci-e_2gb_geforce_gt710_ddr3_palit_neat7100hd46-2080h.html
Видеокарта PCI-E  1Gb Radeon R5 230 (DDR3) Sapphire (11233-01-20G),1229,https://elmir.ua/video_cards/graphics_card_pci-e_1gb_radeon_r5_230_ddr3_sapphire_11233-01-20g.html
Видеокарта PCI-E  1Gb GeForce GT710 (DDR5) Asus (GT710-SL-1GD5),1271,https://elmir.ua/video_cards/graphics_card_pci-e_1gb_geforce_gt710_ddr5_asus_gt710-sl-1gd5.html
Видеокарта PCI-E  1Gb GeForce GT710 (DDR5) Asus (GT710-SL-1GD5-BRK),1275,https://elmir.ua/video_cards/graphics_card_pci-e_1gb_geforce_gt710_ddr5_asus_gt710-sl-1gd5-brk.html
Видеокарта PCI-E  1Gb Radeon R5 230 (DDR3) Asus (R5230-SL-1GD3-L),1292,https://elmir.ua/video_cards/graphics_card_pci-e_1gb_radeon_r5_230_ddr3_asus_r5230-sl-1gd3-l.html
Видеокарта PCI-E  1Gb Radeon R5 230 (DDR3) GigaByte (GV-R523D3-1GL),1312,https://elmir.ua/video_cards/graphics_card_pci-e_1gb_radeon_r5_230_ddr3_gigabyte_gv-r523d3-1gl.html
Видеокарта PCI-E  1Gb GeForce GT710 (DDR3) GigaByte (GV-N710D3-1GL),1372,https://elmir.ua/video_cards/graphics_card_pci-e_1gb_geforce_gt710_ddr3_gigabyte_gv-n710d3-1gl.html
Видеокарта PCI-E  1Gb GeForce GT710 (DDR5) GigaByte (GV-N710D5-1GI),1382,https://elmir.ua/video_cards/graphics_card_pci-e_1gb_geforce_gt710_ddr5_gigabyte_gv-n710d5-1gi.html
Видеокарта PCI-E  2Gb GeForce GT710 (DDR3) MSI (GT 710 2GD3H LP),1412,https://elmir.ua/video_cards/graphics_card_pci-e_2gb_geforce_gt710_ddr3_msi_gt_710_2gd3h_lp.html
Видеокарта PCI-E  2Gb Radeon R5 230 (DDR3) Asus (R5230-SL-2GD3-L),1553,https://elmir.ua/video_cards/graphics_card_pci-e_2gb_radeon_r5_230_ddr3_asus_r5230-sl-2gd3-l.html
Видеокарта PCI-E  2Gb GeForce GT710 (DDR5) Asus (GT710-SL-2GD5),1563,https://elmir.ua/video_cards/graphics_card_pci-e_2gb_geforce_gt710_ddr5_asus_gt710-sl-2gd5.html
Видеокарта PCI-E  1Gb GeForce GT730 (DDR5) MSI (N730K-1GD5LP/OCV1),1643,https://elmir.ua/video_cards/graphics_card_pci-e_1gb_geforce_gt730_ddr5_msi_n730k-1gd5lp_ocv1.html
Видеокарта PCI-E  2Gb GeForce GT710 (DDR5) Asus (GT710-SL-2GD5-BRK),1670,https://elmir.ua/video_cards/graphics_card_pci-e_2gb_geforce_gt710_ddr5_asus_gt710-sl-2gd5-brk.html
Видеокарта PCI-E  1Gb GeForce GT730 (DDR3) Palit (NEAT730NHD06-2080H),1741,https://elmir.ua/video_cards/graphics_card_pci-e_1gb_geforce_gt730_ddr3_palit_neat730nhd06-2080h.html
Видеокарта PCI-E  1Gb GeForce GT730 (DDR5) Palit (NE5T7300HD06-2081F),1776,https://elmir.ua/video_cards/graphics_card_pci-e_1gb_geforce_gt730_ddr5_palit_ne5t7300hd06-2081f.html
Видеокарта PCI-E  1Gb GeForce GT730 (DDR3) Inno3D (N730-1SDV-D3BX),1786,https://elmir.ua/video_cards/graphics_card_pci-e_1gb_geforce_gt730_ddr3_inno3d_n730-1sdv-d3bx.html
Видеокарта PCI-E  1Gb GeForce GT730 (DDR5) Inno3D (N730-3SDV-D5BX),1957,https://elmir.ua/video_cards/graphics_card_pci-e_1gb_geforce_gt730_ddr5_inno3d_n730-3sdv-d5bx.html
Видеокарта PCI-E  2Gb GeForce GT730 (DDR3) MSI (N730-2GD3V2),1989,https://elmir.ua/video_cards/graphics_card_pci-e_2gb_geforce_gt730_ddr3_msi_n730-2gd3v2.html
Видеокарта PCI-E  2Gb GeForce GT730 (DDR3) Asus (GT730-DCSL-2GD3),2013,https://elmir.ua/video_cards/graphics_card_pci-e_2gb_geforce_gt730_ddr3_asus_gt730-dcsl-2gd3.html
Видеокарта PCI-E  2Gb GeForce GT730 (DDR3) MSI (N730K-2GD3H/LP),2028,https://elmir.ua/video_cards/graphics_card_pci-e_2gb_geforce_gt730_ddr3_msi_n730k-2gd3h_lp.html
Видеокарта PCI-E  1Gb GeForce GT730 (DDR5) GigaByte (GV-N730D5OC-1GI),2115,https://elmir.ua/video_cards/graphics_card_pci-e_1gb_geforce_gt730_ddr5_gigabyte_gv-n730d5oc-1gi.html
Видеокарта PCI-E  2Gb GeForce GT730 (DDR5) Palit (NE5T7300HD46-2081F),2139,https://elmir.ua/video_cards/graphics_card_pci-e_2gb_geforce_gt730_ddr5_palit_ne5t7300hd46-2081f.html
Видеокарта PCI-E  2Gb GeForce GT730 (DDR5) Gainward (4260183363859),2188,https://elmir.ua/video_cards/graphics_card_pci-e_2gb_geforce_gt730_ddr5_gainward_4260183363859.html
Видеокарта PCI-E  2Gb GeForce GT730 (DDR3) GigaByte (GV-N730-2GI),2307,https://elmir.ua/video_cards/graphics_card_pci-e_2gb_geforce_gt730_ddr3_gigabyte_gv-n730-2gi.html
Видеокарта PCI-E  2Gb GeForce GT730 (DDR5) GigaByte (GV-N730D5-2GI),2418,https://elmir.ua/video_cards/graphics_card_pci-e_2gb_geforce_gt730_ddr5_gigabyte_gv-n730d5-2gi.html
Видеокарта PCI-E  2Gb GeForce GT730 (DDR5) Asus (GT730-SL-2GD5-BRK),2568,https://elmir.ua/video_cards/graphics_card_pci-e_2gb_geforce_gt730_ddr5_asus_gt730-sl-2gd5-brk.html
Видеокарта PCI-E  2Gb GeForce GT1030 (DDR5) GigaByte (GV-N1030SL-2GL),2632,https://elmir.ua/video_cards/graphics_card_pci-e_2gb_geforce_gt1030_ddr5_gigabyte_gv-n1030sl-2gl.html
Видеокарта PCI-E  2Gb GeForce GT1030 (DDR5) MSI (GT 1030 2GH LP OC),2655,https://elmir.ua/video_cards/graphics_card_pci-e_2gb_geforce_gt1030_ddr5_msi_gt_1030_2gh_lp_oc.html
Видеокарта PCI-E  4Gb Radeon R7 240 (DDR3) Asus (R7240-OC-4GD3-L),2661,https://elmir.ua/video_cards/graphics_card_pci-e_4gb_radeon_r7_240_ddr3_asus_r7240-oc-4gd3-l.html
Видеокарта PCI-E  2Gb GeForce GT1030 (DDR5) MSI (GT 1030 2G LP OC),2688,https://elmir.ua/video_cards/graphics_card_pci-e_2gb_geforce_gt1030_ddr5_msi_gt_1030_2g_lp_oc.html
Видеокарта PCI-E  2Gb GeForce GT730 (DDR3) Asus (GT730-SL-2G-BRK-V2),2708,https://elmir.ua/video_cards/graphics_card_pci-e_2gb_geforce_gt730_ddr3_asus_gt730-sl-2g-brk-v2.html
Видеокарта PCI-E  2Gb GeForce GT1030 (DDR5) GigaByte (GV-N1030D5-2GL),2755,https://elmir.ua/video_cards/graphics_card_pci-e_2gb_geforce_gt1030_ddr5_gigabyte_gv-n1030d5-2gl.html
Видеокарта PCI-E  2Gb GeForce GT1030 (DDR5) Asus (GT1030-SL-2G-BRK),2785,https://elmir.ua/video_cards/graphics_card_pci-e_2gb_geforce_gt1030_ddr5_asus_gt1030-sl-2g-brk.html
Видеокарта PCI-E  2Gb GeForce GT1030 (DDR5) MSI (GT 1030 AERO ITX 2G OC),2795,https://elmir.ua/video_cards/graphics_card_pci-e_2gb_geforce_gt1030_ddr5_msi_gt_1030_aero_itx_2g_oc.html
Видеокарта PCI-E  2Gb GeForce GT1030 (DDR5) GigaByte (GV-N1030OC-2GI),2830,https://elmir.ua/video_cards/graphics_card_pci-e_2gb_geforce_gt1030_ddr5_gigabyte_gv-n1030oc-2gi.html
Видеокарта PCI-E  2Gb GeForce GT1030 (DDR5) Asus (PH-GT1030-O2G),2852,https://elmir.ua/video_cards/graphics_card_pci-e_2gb_geforce_gt1030_ddr5_asus_ph-gt1030-o2g.html
Видеокарта PCI-E  2Gb GeForce GT730 (DDR5) Asus (GT730-2GD5-BRK),2894,https://elmir.ua/video_cards/graphics_card_pci-e_2gb_geforce_gt730_ddr5_asus_gt730-2gd5-brk.html
Видеокарта PCI-E  2Gb GeForce GT1030 (DDR5) Asus (GT1030-2G-BRK),3382,https://elmir.ua/video_cards/graphics_card_pci-e_2gb_geforce_gt1030_ddr5_asus_gt1030-2g-brk.html
Видеокарта PCI-E  2Gb Quadro P400 (DDR5) PNY (VCQP400DVI-PB),3923,https://elmir.ua/video_cards/graphics_card_pci-e_2gb_quadro_p400_ddr5_pny_vcqp400dvi-pb.html
Видеокарта PCI-E  2Gb GeForce GTX960 (DDR5) MSI (GTX 960 2GD5T OC*),3978,https://elmir.ua/video_cards/graphics_card_pci-e_2gb_geforce_gtx960_ddr5_msi_gtx_960_2gd5t_oc.html
Видеокарта PCI-E  2Gb Radeon RX 560 (DDR5) Sapphire Pulse OC (11267-19-20G),5058,https://elmir.ua/video_cards/graphics_card_pci-e_2gb_radeon_rx_560_ddr5_sapphire_pulse_oc_11267-19-20g.html
Видеокарта PCI-E  2Gb GeForce GTX1050 (DDR5) GigaByte (GV-N1050OC-2GL),5172,https://elmir.ua/video_cards/graphics_card_pci-e_2gb_geforce_gtx1050_ddr5_gigabyte_gv-n1050oc-2gl.html
Видеокарта PCI-E  2Gb GeForce GTX1050 (DDR5) Inno3D Compact (N1050-1SDV-E5CM),5353,https://elmir.ua/video_cards/graphics_card_pci-e_2gb_geforce_gtx1050_ddr5_inno3d_compact_n1050-1sdv-e5cm.html
Видеокарта PCI-E  2Gb GeForce GTX1050 (DDR5) Asus (PH-GTX1050-2G),5470,https://elmir.ua/video_cards/graphics_card_pci-e_2gb_geforce_gtx1050_ddr5_asus_ph-gtx1050-2g.html
Видеокарта PCI-E  2Gb GeForce GTX1050 (DDR5) MSI (GTX 1050 2G OC),5470,https://elmir.ua/video_cards/graphics_card_pci-e_2gb_geforce_gtx1050_ddr5_msi_gtx_1050_2g_oc.html
Видеокарта PCI-E  2Gb GeForce GTX1050 (DDR5) Gainward (4260183363835),5511,https://elmir.ua/video_cards/graphics_card_pci-e_2gb_geforce_gtx1050_ddr5_gainward_4260183363835.html
Видеокарта PCI-E  4Gb Radeon RX 560 (DDR5) Asus (RX560-O4G),5669,https://elmir.ua/video_cards/graphics_card_pci-e_4gb_radeon_rx_560_ddr5_asus_rx560-o4g.html
Видеокарта PCI-E  4Gb Radeon RX 560 (DDR5) MSI (RX 560 AERO ITX 4G OC),5669,https://elmir.ua/video_cards/graphics_card_pci-e_4gb_radeon_rx_560_ddr5_msi_rx_560_aero_itx_4g_oc.html
Видеокарта PCI-E  4Gb Radeon RX 560 (DDR5) GigaByte (GV-RX560OC-4GD),5669,https://elmir.ua/video_cards/graphics_card_pci-e_4gb_radeon_rx_560_ddr5_gigabyte_gv-rx560oc-4gd.html
Видеокарта PCI-E  2Gb Radeon RX 560 (DDR5) Asus (RX560-2G),5769,https://elmir.ua/video_cards/graphics_card_pci-e_2gb_radeon_rx_560_ddr5_asus_rx560-2g.html
Видеокарта PCI-E  2Gb GeForce GTX1050 (DDR5) MSI (GTX 1050 AERO ITX 2G OCV1),5769,https://elmir.ua/video_cards/graphics_card_pci-e_2gb_geforce_gtx1050_ddr5_msi_gtx_1050_aero_itx_2g_ocv1.html
Видеокарта PCI-E  2Gb GeForce GTX1050 (DDR5) GigaByte (GV-N1050D5-2GD),5769,https://elmir.ua/video_cards/graphics_card_pci-e_2gb_geforce_gtx1050_ddr5_gigabyte_gv-n1050d5-2gd.html
Видеокарта PCI-E  2Gb GeForce GTX1050 (DDR5) Asus (DUAL-GTX1050-O2G-V2),5769,https://elmir.ua/video_cards/graphics_card_pci-e_2gb_geforce_gtx1050_ddr5_asus_dual-gtx1050-o2g-v2.html
Видеокарта PCI-E  2Gb GeForce GTX1050 (DDR5) GigaByte (GV-N1050OC-2GD),5769,https://elmir.ua/video_cards/graphics_card_pci-e_2gb_geforce_gtx1050_ddr5_gigabyte_gv-n1050oc-2gd.html
Видеокарта PCI-E  2Gb GeForce GTX1050 (DDR5) Zotac (ZT-P10500A-10L),5831,https://elmir.ua/video_cards/graphics_card_pci-e_2gb_geforce_gtx1050_ddr5_zotac_zt-p10500a-10l.html
Видеокарта PCI-E  2Gb GeForce GTX1050 (DDR5) Inno3D Compact (N10502-1SDV-E5CM),5868,https://elmir.ua/video_cards/graphics_card_pci-e_2gb_geforce_gtx1050_ddr5_inno3d_compact_n10502-1sdv-e5cm.html
Видеокарта PCI-E  2Gb GeForce GTX1050 (DDR5) GigaByte (GV-N1050G1 GAMING-2GD),5868,https://elmir.ua/video_cards/graphics_card_pci-e_2gb_geforce_gtx1050_ddr5_gigabyte_gv-n1050g1_gaming-2gd.html
Видеокарта PCI-E  2Gb GeForce GTX1050 (DDR5) GigaByte (GV-N1050WF2OC-2GD),5968,https://elmir.ua/video_cards/graphics_card_pci-e_2gb_geforce_gtx1050_ddr5_gigabyte_gv-n1050wf2oc-2gd.html
Видеокарта PCI-E  4Gb Radeon RX 560 (DDR5) GigaByte (GV-RX560GAMING OC-4GD),5992,https://elmir.ua/video_cards/graphics_card_pci-e_4gb_radeon_rx_560_ddr5_gigabyte_gv-rx560gaming_oc-4gd.html
Видеокарта PCI-E  2Gb GeForce GTX1050 (DDR5) Asus (ROG-STRIX-GTX1050-2G-GAMING),6009,https://elmir.ua/video_cards/graphics_card_pci-e_2gb_geforce_gtx1050_ddr5_asus_rog-strix-gtx1050-2g-gaming.html
Видеокарта PCI-E  2Gb Quadro P600 (DDR5) HP (1ME42AA),6021,https://elmir.ua/video_cards/graphics_card_pci-e_2gb_quadro_p600_ddr5_hp_1me42aa.html
Видеокарта PCI-E  2Gb GeForce GTX1050 (DDR5) Asus (DUAL-GTX1050-2G-V2),6142,https://elmir.ua/video_cards/graphics_card_pci-e_2gb_geforce_gtx1050_ddr5_asus_dual-gtx1050-2g-v2.html
Видеокарта PCI-E  4Gb Radeon RX 560 (DDR5) Asus (ROG-STRIX-RX560-O4G-EVO-GAMING),6266,https://elmir.ua/video_cards/graphics_card_pci-e_4gb_radeon_rx_560_ddr5_asus_rog-strix-rx560-o4g-evo-gaming.html
Видеокарта PCI-E  4Gb Radeon RX 560 (DDR5) Asus (RX560-O4G-EVO),6266,https://elmir.ua/video_cards/graphics_card_pci-e_4gb_radeon_rx_560_ddr5_asus_rx560-o4g-evo.html
Видеокарта PCI-E  2Gb GeForce GTX1050 (DDR5) Asus (ROG-STRIX-GTX1050-O2G-GAMING),6266,https://elmir.ua/video_cards/graphics_card_pci-e_2gb_geforce_gtx1050_ddr5_asus_rog-strix-gtx1050-o2g-gaming.html
Видеокарта PCI-E  4Gb GeForce GTX1050 Ti (DDR5) Asus (GTX1050TI-DC2O4G),6439,https://elmir.ua/video_cards/graphics_card_pci-e_4gb_geforce_gtx1050_ti_ddr5_asus_gtx1050ti-dc2o4g.html
Видеокарта PCI-E  4Gb Radeon RX 560 (DDR5) Asus (ROG-STRIX-RX560-O4G-GAMING),6465,https://elmir.ua/video_cards/graphics_card_pci-e_4gb_radeon_rx_560_ddr5_asus_rog-strix-rx560-o4g-gaming.html
Видеокарта PCI-E  2Gb Quadro P600 (DDR5) PNY (VCQP600DVI-PB),6478,https://elmir.ua/video_cards/graphics_card_pci-e_2gb_quadro_p600_ddr5_pny_vcqp600dvi-pb.html
Видеокарта PCI-E  2Gb Quadro P600 (DDR5) PNY (VCQP600-PB),6789,https://elmir.ua/video_cards/graphics_card_pci-e_2gb_quadro_p600_ddr5_pny_vcqp600-pb.html
Видеокарта PCI-E  4Gb GeForce GTX1050 Ti (DDR5) Inno3D (N105T-1DDV-M5CM),7409,https://elmir.ua/video_cards/graphics_card_pci-e_4gb_geforce_gtx1050_ti_ddr5_inno3d_n105t-1ddv-m5cm.html
Видеокарта PCI-E  4Gb GeForce GTX1050 Ti (DDR5) Asus (DUAL-GTX1050TI-O4G-V2),7550,https://elmir.ua/video_cards/graphics_card_pci-e_4gb_geforce_gtx1050_ti_ddr5_asus_dual-gtx1050ti-o4g-v2.html
Видеокарта PCI-E  4Gb GeForce GTX1050 Ti (DDR5) Asus (EX-GTX1050TI-4G),7758,https://elmir.ua/video_cards/graphics_card_pci-e_4gb_geforce_gtx1050_ti_ddr5_asus_ex-gtx1050ti-4g.html
Видеокарта PCI-E  4Gb GeForce GTX1050 Ti (DDR5) Asus (EX-GTX1050TI-O4G),7858,https://elmir.ua/video_cards/graphics_card_pci-e_4gb_geforce_gtx1050_ti_ddr5_asus_ex-gtx1050ti-o4g.html
Видеокарта PCI-E  4Gb GeForce GTX1050 Ti (DDR5) Asus (PH-GTX1050TI-4G),7858,https://elmir.ua/video_cards/graphics_card_pci-e_4gb_geforce_gtx1050_ti_ddr5_asus_ph-gtx1050ti-4g.html
Видеокарта PCI-E  4Gb GeForce GTX1050 Ti (DDR5) MSI (GTX 1050 TI 4GT OC),7946,https://elmir.ua/video_cards/graphics_card_pci-e_4gb_geforce_gtx1050_ti_ddr5_msi_gtx_1050_ti_4gt_oc.html
Видеокарта PCI-E  4Gb GeForce GTX1050 Ti (DDR5) GigaByte (GV-N105TD5-4GD),7957,https://elmir.ua/video_cards/graphics_card_pci-e_4gb_geforce_gtx1050_ti_ddr5_gigabyte_gv-n105td5-4gd.html
Видеокарта PCI-E  4Gb GeForce GTX1050 Ti (DDR5) GigaByte (GV-N105TOC-4GL),7957,https://elmir.ua/video_cards/graphics_card_pci-e_4gb_geforce_gtx1050_ti_ddr5_gigabyte_gv-n105toc-4gl.html
Видеокарта PCI-E  4Gb GeForce GTX1050 Ti (DDR5) Palit StormX (NE5105T018G1-1070F),7957,https://elmir.ua/video_cards/graphics_card_pci-e_4gb_geforce_gtx1050_ti_ddr5_palit_stormx_ne5105t018g1-1070f.html
Видеокарта PCI-E  4Gb GeForce GTX1050 Ti (DDR5) GigaByte (GV-N105TOC-4GD),8057,https://elmir.ua/video_cards/graphics_card_pci-e_4gb_geforce_gtx1050_ti_ddr5_gigabyte_gv-n105toc-4gd.html
Видеокарта PCI-E  4Gb GeForce GTX1050 Ti (DDR5) GigaByte (GV-N105TWF2-4GD),8057,https://elmir.ua/video_cards/graphics_card_pci-e_4gb_geforce_gtx1050_ti_ddr5_gigabyte_gv-n105twf2-4gd.html
Видеокарта PCI-E  4Gb GeForce GTX1050 Ti (DDR5) GigaByte (GV-N105TWF2OC-4GD),8156,https://elmir.ua/video_cards/graphics_card_pci-e_4gb_geforce_gtx1050_ti_ddr5_gigabyte_gv-n105twf2oc-4gd.html
Видеокарта PCI-E  4Gb GeForce GTX1050 Ti (DDR5) Palit Dual (NE5105T018G1-1071D),8156,https://elmir.ua/video_cards/graphics_card_pci-e_4gb_geforce_gtx1050_ti_ddr5_palit_dual_ne5105t018g1-1071d.html
Видеокарта PCI-E  4Gb GeForce GTX1050 Ti (DDR5) Asus (ROG-STRIX-GTX1050TI-O4G-GAMING),8185,https://elmir.ua/video_cards/graphics_card_pci-e_4gb_geforce_gtx1050_ti_ddr5_asus_rog-strix-gtx1050ti-o4g-gaming.html
Видеокарта PCI-E  4Gb GeForce GTX1050 Ti (DDR5) Asus (ROG-STRIX-GTX1050TI-4G-GAMING),8256,https://elmir.ua/video_cards/graphics_card_pci-e_4gb_geforce_gtx1050_ti_ddr5_asus_rog-strix-gtx1050ti-4g-gaming.html
Видеокарта PCI-E  4Gb GeForce GTX1050 Ti (DDR5) Palit Dual OC (NE5105TS18G1-1071D),8256,https://elmir.ua/video_cards/graphics_card_pci-e_4gb_geforce_gtx1050_ti_ddr5_palit_dual_oc_ne5105ts18g1-1071d.html
Видеокарта PCI-E  4Gb GeForce GTX1050 Ti (DDR5) GigaByte (GV-N105TG1 GAMING-4GD),8355,https://elmir.ua/video_cards/graphics_card_pci-e_4gb_geforce_gtx1050_ti_ddr5_gigabyte_gv-n105tg1_gaming-4gd.html
Видеокарта PCI-E  4Gb Quadro P1000 (DDR5) PNY (VCQP1000-PB),11160,https://elmir.ua/video_cards/graphics_card_pci-e_4gb_quadro_p1000_ddr5_pny_vcqp1000-pb.html
Видеокарта PCI-E  3Gb GeForce GTX1060 (DDR5) MSI (GTX 1060 AEROITX 3G OC),11564,https://elmir.ua/video_cards/graphics_card_pci-e_3gb_geforce_gtx1060_ddr5_msi_gtx_1060_aeroitx_3g_oc.html
Видеокарта PCI-E  4Gb Quadro P1000 (DDR5) HP (1ME01AA),11975,https://elmir.ua/video_cards/graphics_card_pci-e_4gb_quadro_p1000_ddr5_hp_1me01aa.html
Видеокарта PCI-E  3Gb GeForce GTX1060 (DDR5) Zotac (ZT-P10610A-10L),11992,https://elmir.ua/video_cards/graphics_card_pci-e_3gb_geforce_gtx1060_ddr5_zotac_zt-p10610a-10l.html
Видеокарта PCI-E  3Gb GeForce GTX1060 (DDR5) Asus (PH-GTX1060-3G),12931,https://elmir.ua/video_cards/graphics_card_pci-e_3gb_geforce_gtx1060_ddr5_asus_ph-gtx1060-3g.html
Видеокарта PCI-E  3Gb GeForce GTX1060 (DDR5) Inno3D Compact (N1060-6DDN-L5GM),13138,https://elmir.ua/video_cards/graphics_card_pci-e_3gb_geforce_gtx1060_ddr5_inno3d_compact_n1060-6ddn-l5gm.html
Видеокарта PCI-E  3Gb GeForce GTX1060 (DDR5) Palit StormX (NE51060015F9-1061F),13229,https://elmir.ua/video_cards/graphics_card_pci-e_3gb_geforce_gtx1060_ddr5_palit_stormx_ne51060015f9-1061f.html
Видеокарта PCI-E  3Gb GeForce GTX1060 (DDR5) GigaByte (GV-N1060IXOC-3GD),13926,https://elmir.ua/video_cards/graphics_card_pci-e_3gb_geforce_gtx1060_ddr5_gigabyte_gv-n1060ixoc-3gd.html
Видеокарта PCI-E  3Gb GeForce GTX1060 (DDR5) Palit Dual (NE51060015F9-1061D),13926,https://elmir.ua/video_cards/graphics_card_pci-e_3gb_geforce_gtx1060_ddr5_palit_dual_ne51060015f9-1061d.html
Видеокарта PCI-E  3Gb GeForce GTX1060 (DDR5) GigaByte (GV-N1060G1 GAMING-3GD),14224,https://elmir.ua/video_cards/graphics_card_pci-e_3gb_geforce_gtx1060_ddr5_gigabyte_gv-n1060g1_gaming-3gd.html
Видеокарта PCI-E  5Gb Quadro P2000 (DDR5) HP (1ME41AA),14308,https://elmir.ua/video_cards/graphics_card_pci-e_5gb_quadro_p2000_ddr5_hp_1me41aa.html
Видеокарта PCI-E  5Gb Quadro P2000 (DDR5) PNY (VCQP2000-PB),15214,https://elmir.ua/video_cards/graphics_card_pci-e_5gb_quadro_p2000_ddr5_pny_vcqp2000-pb.html
Видеокарта PCI-E  6Gb GeForce GTX1060 (DDR5) Palit Dual (NE51060015J9-1061D),15418,https://elmir.ua/video_cards/graphics_card_pci-e_6gb_geforce_gtx1060_ddr5_palit_dual_ne51060015j9-1061d.html
Видеокарта PCI-E  6Gb GeForce GTX1060 (DDR5) Asus (EX-GTX1060-O6G),15580,https://elmir.ua/video_cards/graphics_card_pci-e_6gb_geforce_gtx1060_ddr5_asus_ex-gtx1060-o6g.html
Видеокарта PCI-E  6Gb GeForce GTX1060 (DDR5) MSI (GTX 1060 ARMOR 6G OCV1),15716,https://elmir.ua/video_cards/graphics_card_pci-e_6gb_geforce_gtx1060_ddr5_msi_gtx_1060_armor_6g_ocv1.html
Видеокарта PCI-E  6Gb GeForce GTX1060 (DDR5) Palit JetStream (NE51060015J9-1060J),15816,https://elmir.ua/video_cards/graphics_card_pci-e_6gb_geforce_gtx1060_ddr5_palit_jetstream_ne51060015j9-1060j.html
Видеокарта PCI-E  6Gb GeForce GTX1060 (DDR5) Asus (DUAL-GTX1060-O6G),16017,https://elmir.ua/video_cards/graphics_card_pci-e_6gb_geforce_gtx1060_ddr5_asus_dual-gtx1060-o6g.html
Видеокарта PCI-E  6Gb GeForce GTX1060 (DDR5) Inno3D Compact (N1060-6DDN-N5GM),16114,https://elmir.ua/video_cards/graphics_card_pci-e_6gb_geforce_gtx1060_ddr5_inno3d_compact_n1060-6ddn-n5gm.html
Видеокарта PCI-E  6Gb GeForce GTX1060 (DDR5) Inno3D X2 (N106F-5SDN-N5GS),16412,https://elmir.ua/video_cards/graphics_card_pci-e_6gb_geforce_gtx1060_ddr5_inno3d_x2_n106f-5sdn-n5gs.html
Видеокарта PCI-E  4Gb Radeon RX 580 (DDR5) Asus (DUAL-RX580-O4G),16843,https://elmir.ua/video_cards/graphics_card_pci-e_4gb_radeon_rx_580_ddr5_asus_dual-rx580-o4g.html
Видеокарта PCI-E  6Gb GeForce GTX1060 (DDR5) GigaByte (GV-N1060WF2OC-6GD),16910,https://elmir.ua/video_cards/graphics_card_pci-e_6gb_geforce_gtx1060_ddr5_gigabyte_gv-n1060wf2oc-6gd.html
Видеокарта PCI-E  4Gb Radeon RX 570 (DDR5) Sapphire Pulse (11266-04-20G),17009,https://elmir.ua/video_cards/graphics_card_pci-e_4gb_radeon_rx_570_ddr5_sapphire_pulse_11266-04-20g.html
Видеокарта PCI-E  4Gb Radeon RX 570 (DDR5) Asus (ROG-STRIX-RX570-4G-GAMING),17009,https://elmir.ua/video_cards/graphics_card_pci-e_4gb_radeon_rx_570_ddr5_asus_rog-strix-rx570-4g-gaming.html
Видеокарта PCI-E  4Gb Radeon RX 570 (DDR5) PowerColor Red Devil (AXRX 570 4GBD5-3DH/OC),17009,https://elmir.ua/video_cards/graphics_card_pci-e_4gb_radeon_rx_570_ddr5_powercolor_red_devil_axrx_570_4gbd5-3dh_oc.html
Видеокарта PCI-E  6Gb GeForce GTX1060 (DDR5) GigaByte (GV-N1060G1 GAMING-6GD),17109,https://elmir.ua/video_cards/graphics_card_pci-e_6gb_geforce_gtx1060_ddr5_gigabyte_gv-n1060g1_gaming-6gd.html
Видеокарта PCI-E  6Gb GeForce GTX1060 (DDR5) Asus (ROG-STRIX-GTX1060-6G-GAMING),17904,https://elmir.ua/video_cards/graphics_card_pci-e_6gb_geforce_gtx1060_ddr5_asus_rog-strix-gtx1060-6g-gaming.html
Видеокарта PCI-E  4Gb Radeon RX 580 (DDR5) Sapphire Pulse (11265-09-20G),18899,https://elmir.ua/video_cards/graphics_card_pci-e_4gb_radeon_rx_580_ddr5_sapphire_pulse_11265-09-20g.html
Видеокарта PCI-E  4Gb Radeon RX 580 (DDR5) Sapphire Nitro+ (11265-07-20G),19297,https://elmir.ua/video_cards/graphics_card_pci-e_4gb_radeon_rx_580_ddr5_sapphire_nitro+_11265-07-20g.html
Видеокарта PCI-E  8Gb Radeon RX 580 (DDR5) GigaByte (GV-RX580GAMING-8GD),19496,https://elmir.ua/video_cards/graphics_card_pci-e_8gb_radeon_rx_580_ddr5_gigabyte_gv-rx580gaming-8gd.html
Видеокарта PCI-E  8Gb Radeon RX 580 (DDR5) GigaByte (GV-RX580AORUS-8GD),19894,https://elmir.ua/video_cards/graphics_card_pci-e_8gb_radeon_rx_580_ddr5_gigabyte_gv-rx580aorus-8gd.html
Видеокарта PCI-E  8Gb GeForce GTX1070 (DDR5) Inno3D X2 V3 (N1070-2SDV-P5DS),24072,https://elmir.ua/video_cards/graphics_card_pci-e_8gb_geforce_gtx1070_ddr5_inno3d_x2_v3_n1070-2sdv-p5ds.html
Видеокарта PCI-E  8Gb GeForce GTX1070 (DDR5) GigaByte (GV-N1070IXOC-8GD),24470,https://elmir.ua/video_cards/graphics_card_pci-e_8gb_geforce_gtx1070_ddr5_gigabyte_gv-n1070ixoc-8gd.html
Видеокарта PCI-E  8Gb GeForce GTX1070 (DDR5) GigaByte (GV-N1070WF2OC-8GD),24768,https://elmir.ua/video_cards/graphics_card_pci-e_8gb_geforce_gtx1070_ddr5_gigabyte_gv-n1070wf2oc-8gd.html
Видеокарта PCI-E  8Gb GeForce GTX1070 (DDR5) Inno3D iChill X4 (C107V4-1SDN-P5DNX),25066,https://elmir.ua/video_cards/graphics_card_pci-e_8gb_geforce_gtx1070_ddr5_inno3d_ichill_x4_c107v4-1sdn-p5dnx.html
Видеокарта PCI-E  8Gb GeForce GTX1070 Ti (DDR5) Inno3D Jet (N107T-1DDN-P5DN),25862,https://elmir.ua/video_cards/graphics_card_pci-e_8gb_geforce_gtx1070_ti_ddr5_inno3d_jet_n107t-1ddn-p5dn.html
Видеокарта PCI-E  8Gb GeForce GTX1080 (DDR5X) Inno3D Twin X2 (N1080-1SDN-P6DN),25862,https://elmir.ua/video_cards/graphics_card_pci-e_8gb_geforce_gtx1080_ddr5x_inno3d_twin_x2_n1080-1sdn-p6dn.html
Видеокарта PCI-E  8Gb GeForce GTX1070 Ti (DDR5) Palit Dual (NE5107T015P2-1043D),26161,https://elmir.ua/video_cards/graphics_card_pci-e_8gb_geforce_gtx1070_ti_ddr5_palit_dual_ne5107t015p2-1043d.html
Видеокарта PCI-E  8Gb GeForce GTX1070 Ti (DDR5) Inno3D Twin X2 (N107T-1SDN-P5DN),26161,https://elmir.ua/video_cards/graphics_card_pci-e_8gb_geforce_gtx1070_ti_ddr5_inno3d_twin_x2_n107t-1sdn-p5dn.html
Видеокарта PCI-E  8Gb GeForce GTX1070 Ti (DDR5) GigaByte (GV-N107TAORUS-8GD),27255,https://elmir.ua/video_cards/graphics_card_pci-e_8gb_geforce_gtx1070_ti_ddr5_gigabyte_gv-n107taorus-8gd.html
Видеокарта PCI-E  8Gb GeForce GTX1070 Ti (DDR5) Zotac AMP Extreme (ZT-P10710B-10P),27255,https://elmir.ua/video_cards/graphics_card_pci-e_8gb_geforce_gtx1070_ti_ddr5_zotac_amp_extreme_zt-p10710b-10p.html
Видеокарта PCI-E  8Gb GeForce GTX1080 (DDR5X) Palit Dual OC (NEB1080U15P2-1045D),27852,https://elmir.ua/video_cards/graphics_card_pci-e_8gb_geforce_gtx1080_ddr5x_palit_dual_oc_neb1080u15p2-1045d.html
Видеокарта PCI-E  8Gb GeForce GTX1080 (DDR5X) PNY XLR8 OC Gaming (KF1080GTXXG8GEPB),27852,https://elmir.ua/video_cards/graphics_card_pci-e_8gb_geforce_gtx1080_ddr5x_pny_xlr8_oc_gaming_kf1080gtxxg8gepb.html
Видеокарта PCI-E  8Gb GeForce GTX1080 (DDR5X) Gigabyte (GV-N1080WF3OC-8GD),28349,https://elmir.ua/video_cards/graphics_card_pci-e_8gb_geforce_gtx1080_ddr5x_gigabyte_gv-n1080wf3oc-8gd.html
Видеокарта PCI-E  8Gb GeForce GTX1080 (DDR5X) Gigabyte (GV-N1080G1 Gaming-8GD),28846,https://elmir.ua/video_cards/graphics_card_pci-e_8gb_geforce_gtx1080_ddr5x_gigabyte_gv-n1080g1_gaming-8gd.html
Видеокарта PCI-E  8Gb Radeon RX VEGA 56 (HBM2) GigaByte (GV-RXVEGA56GAMING OC-8GD),32825,https://elmir.ua/video_cards/graphics_card_pci-e_8gb_radeon_rx_vega_56_hbm2_gigabyte_gv-rxvega56gaming_oc-8gd.html
Видеокарта PCI-E  8Gb Radeon RX VEGA 64 (HBM2) GigaByte (GV-RXVEGA64GAMING OC-8GD),37799,https://elmir.ua/video_cards/graphics_card_pci-e_8gb_radeon_rx_vega_64_hbm2_gigabyte_gv-rxvega64gaming_oc-8gd.html
Видеокарта PCI-E 11Gb GeForce GTX1080 Ti (DDR5X) Gigabyte (GV-N108TGAMING OC-11GD),41778,https://elmir.ua/video_cards/graphics_card_pci-e_11gb_geforce_gtx1080_ti_ddr5x_gigabyte_gv-n108tgaming_oc-11gd.html
Видеокарта PCI-E 11Gb GeForce GTX1080 Ti (DDR5X) Gigabyte (GV-N108TGAMINGOC BLACK-11GD),41778,https://elmir.ua/video_cards/graphics_card_pci-e_11gb_geforce_gtx1080_ti_ddr5x_gigabyte_gv-n108tgamingoc_black-11gd.html
Видеокарта PCI-E 11Gb GeForce GTX1080 Ti (DDR5X) Palit Super JetStream (NEB108TS15LC-1020J),41778,https://elmir.ua/video_cards/graphics_card_pci-e_11gb_geforce_gtx1080_ti_ddr5x_palit_super_jetstream_neb108ts15lc-1020j.html
Видеокарта PCI-E 11Gb GeForce GTX1080 Ti (DDR5X) MSI (GTX 1080 Ti GAMING X TRIO),42375,https://elmir.ua/video_cards/graphics_card_pci-e_11gb_geforce_gtx1080_ti_ddr5x_msi_gtx_1080_ti_gaming_x_trio.html
Видеокарта PCI-E 11Gb GeForce GTX1080 Ti (DDR5X) Palit GameRock Premium Edition (NEB108TH15LC-1020G),42375,https://elmir.ua/video_cards/graphics_card_pci-e_11gb_geforce_gtx1080_ti_ddr5x_palit_gamerock_premium_edition_neb108th15lc-1020g.html
Видеокарта PCI-E 16Gb Quadro P5000 (DDR5X) PNY (VCQP5000-PB),76646,https://elmir.ua/video_cards/graphics_card_pci-e_16gb_quadro_p5000_ddr5x_pny_vcqp5000-pb.html

Price from,2018-01-30 23:50,
Item Name ,Item Price,Item Url
Процессор s-AM3 AMD Phenom II X2 B59 Tray (HDXB59WFK2DGM),452,https://elmir.ua/processors/processor_s-am3_amd_phenom_ii_x2_b59_tray_hdxb59wfk2dgm.html
Процессор s-AM1 AMD Sempron X2 2650 BOX (SD2650JAHMBOX),514,https://elmir.ua/processors/processor_s-am1_amd_sempron_x2_2650_box_sd2650jahmbox.html
Процессор s-FM2 AMD A4-4000 X2 BOX (AD4000OKHLBOX),757,https://elmir.ua/processors/processor_s-fm2_amd_a4-4000_x2_box_ad4000okhlbox.html
Процессор s-AM1 AMD Sempron X4 3850 BOX (SD3850JAHMBOX),820,https://elmir.ua/processors/processor_s-am1_amd_sempron_x4_3850_box_sd3850jahmbox.html
Процессор s-FM2 AMD A4-4020 X2 BOX (AD4020OKHLBOX),835,https://elmir.ua/processors/processor_s-fm2_amd_a4-4020_x2_box_ad4020okhlbox.html
Процессор s-FM2 AMD A4-5300 X2 BOX (AD5300OKHJBOX),836,https://elmir.ua/processors/processor_s-fm2_amd_a4-5300_x2_box_ad5300okhjbox.html
Процессор s-FM2 AMD A4-6300 X2 BOX (AD6300OKHLBOX),896,https://elmir.ua/processors/processor_s-fm2_amd_a4-6300_x2_box_ad6300okhlbox.html
Процессор s-FM2 AMD A4-6320 X2 BOX (AD6320OKHLBOX),1015,https://elmir.ua/processors/processor_s-fm2_amd_a4-6320_x2_box_ad6320okhlbox.html
Процессор s-FM2 AMD A4-7300 X2 BOX (AD7300OKHLBOX),1024,https://elmir.ua/processors/processor_s-fm2_amd_a4-7300_x2_box_ad7300okhlbox.html
Процессор s-1151 Intel Celeron G3930 2.9GHz/2MB Tray (CM8067703015717),1045,https://elmir.ua/processors/processor_s-1151_intel_celeron_g3930_2_9ghz_2mb_tray_cm8067703015717.html
Процессор s-FM2 AMD A6-6400K X2 BOX (AD640KOKHLBOX),1106,https://elmir.ua/processors/processor_s-fm2_amd_a6-6400k_x2_box_ad640kokhlbox.html
Процессор s-1151 Intel Celeron G3900 2.8GHz/2MB BOX (BX80662G3900),1244,https://elmir.ua/processors/processor_s-1151_intel_celeron_g3900_2_8ghz_2mb_box_bx80662g3900.html
Процессор s-FM2+ AMD Athlon II X4 840 BOX (AD840XYBJABOX),1263,https://elmir.ua/processors/processor_s-fm2+_amd_athlon_ii_x4_840_box_ad840xybjabox.html
Процессор s-1151 Intel Celeron G3930 2.9GHz/2MB BOX (BX80677G3930),1269,https://elmir.ua/processors/processor_s-1151_intel_celeron_g3930_2_9ghz_2mb_box_bx80677g3930.html
Процессор s-FM2+ AMD Athlon II X4 845 BOX (AD845XACKASBX),1363,https://elmir.ua/processors/processor_s-fm2+_amd_athlon_ii_x4_845_box_ad845xackasbx.html
Процессор s-FM2 AMD A6-6420K X2 BOX (AD642KOKHLBOX),1373,https://elmir.ua/processors/processor_s-fm2_amd_a6-6420k_x2_box_ad642kokhlbox.html
Процессор s-FM2+ AMD A6-7400K X2 BOX (AD740KYBJABOX),1379,https://elmir.ua/processors/processor_s-fm2+_amd_a6-7400k_x2_box_ad740kybjabox.html
Процессор s-AM4 AMD A6-9500E BOX (AD9500AHABBOX),1524,https://elmir.ua/processors/processor_s-am4_amd_a6-9500e_box_ad9500ahabbox.html
Процессор s-AM4 AMD A6-9500 BOX (AD9500AGABBOX),1558,https://elmir.ua/processors/processor_s-am4_amd_a6-9500_box_ad9500agabbox.html
Процессор s-1151 Intel Pentium Dual-Core G4400 3.3GHz/3MB BOX (BX80662G4400),1605,https://elmir.ua/processors/processor_s-1151_intel_pentium_dual-core_g4400_3_3ghz_3mb_box_bx80662g4400.html
Процессор s-AM3 AMD FX-4300 X4 BOX (FD4300WMHKBOX),1673,https://elmir.ua/processors/processor_s-am3_amd_fx-4300_x4_box_fd4300wmhkbox.html
Процессор s-AM4 AMD Athlon X4 950 BOX (AD950XAGABBOX),1785,https://elmir.ua/processors/processor_s-am4_amd_athlon_x4_950_box_ad950xagabbox.html
Процессор s-AM3 AMD FX-4320 X4 BOX (FD4320WMHKBOX),1795,https://elmir.ua/processors/processor_s-am3_amd_fx-4320_x4_box_fd4320wmhkbox.html
Процессор s-FM2+ AMD A8-7650K X4 BOX (AD765KXBJASBX),1900,https://elmir.ua/processors/processor_s-fm2+_amd_a8-7650k_x4_box_ad765kxbjasbx.html
Процессор s-FM2+ AMD Athlon II X4 870K BOX (AD870KXBJCSBX),1975,https://elmir.ua/processors/processor_s-fm2+_amd_athlon_ii_x4_870k_box_ad870kxbjcsbx.html
Процессор s-FM2+ AMD Athlon II X4 880K BOX (AD880KXBJCSBX),2062,https://elmir.ua/processors/processor_s-fm2+_amd_athlon_ii_x4_880k_box_ad880kxbjcsbx.html
Процессор s-AM4 AMD A8-9600 BOX (AD9600AGABBOX),2085,https://elmir.ua/processors/processor_s-am4_amd_a8-9600_box_ad9600agabbox.html
Процессор s-1151 Intel Pentium Dual-Core G4600 3.6GHz/3MB Tray (CM8067703015525),2095,https://elmir.ua/processors/processor_s-1151_intel_pentium_dual-core_g4600_3_6ghz_3mb_tray_cm8067703015525.html
Процессор s-1151 Intel Pentium Dual-Core G4560 3.5GHz/3MB BOX (BX80677G4560),2118,https://elmir.ua/processors/processor_s-1151_intel_pentium_dual-core_g4560_3_5ghz_3mb_box_bx80677g4560.html
Процессор s-1151 Intel Pentium Dual-Core G4560 3.5GHz/3MB Tray (CM8067702867064),2143,https://elmir.ua/processors/processor_s-1151_intel_pentium_dual-core_g4560_3_5ghz_3mb_tray_cm8067702867064.html
Процессор s-1151 Intel Pentium Dual-Core G4500 3.5GHz/3MB BOX (BX80662G4500),2159,https://elmir.ua/processors/processor_s-1151_intel_pentium_dual-core_g4500_3_5ghz_3mb_box_bx80662g4500.html
Процессор s-FM2+ AMD A10-7800 X4 BOX (AD7800YBJABOX),2232,https://elmir.ua/processors/processor_s-fm2+_amd_a10-7800_x4_box_ad7800ybjabox.html
Процессор s-1151 Intel Pentium Dual-Core G4620 3.7GHz/3MB Tray (CM8067703015524),2262,https://elmir.ua/processors/processor_s-1151_intel_pentium_dual-core_g4620_3_7ghz_3mb_tray_cm8067703015524.html
Процессор s-AM3 AMD FX-6300 X6 BOX (FD6300WMHKBOX),2373,https://elmir.ua/processors/processor_s-am3_amd_fx-6300_x6_box_fd6300wmhkbox.html
Процессор s-1151 Intel Pentium Dual-Core G4600 3.6GHz/3MB BOX (BX80677G4600),2400,https://elmir.ua/processors/processor_s-1151_intel_pentium_dual-core_g4600_3_6ghz_3mb_box_bx80677g4600.html
Процессор s-AM4 AMD A10-9700Е BOX (AD9700AHABBOX),2418,https://elmir.ua/processors/processor_s-am4_amd_a10-9700e_box_ad9700ahabbox.html
Процессор s-1150 Intel Pentium Dual-Core G3260 3.3GHz/3MB BOX (BX80646G3260),2464,https://elmir.ua/processors/processor_s-1150_intel_pentium_dual-core_g3260_3_3ghz_3mb_box_bx80646g3260.html
Процессор s-AM3 AMD FX-6350 X6 BOX (FD6350FRHKHBX),2686,https://elmir.ua/processors/processor_s-am3_amd_fx-6350_x6_box_fd6350frhkhbx.html
Процессор s-AM4 AMD A10-9700 BOX (AD9700AGABBOX),2773,https://elmir.ua/processors/processor_s-am4_amd_a10-9700_box_ad9700agabbox.html
Процессор s-AM3 AMD FX-8300 X8 BOX (FD8300WMHKBOX),2778,https://elmir.ua/processors/processor_s-am3_amd_fx-8300_x8_box_fd8300wmhkbox.html
Процессор s-1151 Intel Core i3-6100 3.7GHz/3Mb Tray (CM8066201927202),3001,https://elmir.ua/processors/processor_s-1151_intel_core_i3-6100_3_7ghz_3mb_tray_cm8066201927202.html
Процессор s-AM4 AMD Ryzen 3 1200 BOX (YD1200BBAEBOX),3240,https://elmir.ua/processors/processor_s-am4_amd_ryzen_3_1200_box_yd1200bbaebox.html
Процессор s-1151 Intel Core i3-6100 3.7GHz/3Mb BOX (BX80662I36100),3271,https://elmir.ua/processors/processor_s-1151_intel_core_i3-6100_3_7ghz_3mb_box_bx80662i36100.html
Процессор s-1151 Intel Core i3-8100 3.6GHz/6Mb Tray (CM8068403377308),3288,https://elmir.ua/processors/processor_s-1151_intel_core_i3-8100_3_6ghz_6mb_tray_cm8068403377308.html
Процессор s-1150 Intel Core i3-4170 3.7GHz/3Mb Tray (CM8064601483645),3335,https://elmir.ua/processors/processor_s-1150_intel_core_i3-4170_3_7ghz_3mb_tray_cm8064601483645.html
Процессор s-1150 Intel Core i3-4160 3.6GHz/3Mb BOX (BX80646I34160),3444,https://elmir.ua/processors/processor_s-1150_intel_core_i3-4160_3_6ghz_3mb_box_bx80646i34160.html
Процессор s-AM4 AMD A12-9800E BOX (AD9800AHABBOX),3505,https://elmir.ua/processors/processor_s-am4_amd_a12-9800e_box_ad9800ahabbox.html
Процессор s-1151 Intel Core i3-7100 3.9GHz/3Mb BOX (BX80677I37100),3566,https://elmir.ua/processors/processor_s-1151_intel_core_i3-7100_3_9ghz_3mb_box_bx80677i37100.html
Процессор s-1150 Intel Core i3-4170 3.7GHz/3Mb BOX (BX80646I34170),3671,https://elmir.ua/processors/processor_s-1150_intel_core_i3-4170_3_7ghz_3mb_box_bx80646i34170.html
Процессор s-1151 Intel Core i3-8100 3.6GHz/6Mb BOX (BX80684I38100),3713,https://elmir.ua/processors/processor_s-1151_intel_core_i3-8100_3_6ghz_6mb_box_bx80684i38100.html
Процессор s-AM3 AMD FX-8350 X8 BOX (FD8350FRHKBOX),3779,https://elmir.ua/processors/processor_s-am3_amd_fx-8350_x8_box_fd8350frhkbox.html
Процессор s-AM4 AMD Ryzen 3 1300X BOX (YD130XBBAEBOX),3902,https://elmir.ua/processors/processor_s-am4_amd_ryzen_3_1300x_box_yd130xbbaebox.html
Процессор s-AM3 AMD FX-8350 X8 BOX (FD8350FRHKHBX),3959,https://elmir.ua/processors/processor_s-am3_amd_fx-8350_x8_box_fd8350frhkhbx.html
Процессор s-AM3 AMD FX-8320 X8 BOX (FD8320FRHKBOX),3960,https://elmir.ua/processors/processor_s-am3_amd_fx-8320_x8_box_fd8320frhkbox.html
Процессор s-1151 Intel Core i3-7100T 3.4GHz/3Mb BOX (BX80677I37100T),4068,https://elmir.ua/processors/processor_s-1151_intel_core_i3-7100t_3_4ghz_3mb_box_bx80677i37100t.html
Процессор s-1151 Intel Core i3-7300 4.0GHz/4Mb BOX (BX80677I37300),4079,https://elmir.ua/processors/processor_s-1151_intel_core_i3-7300_4_0ghz_4mb_box_bx80677i37300.html
Процессор s-AM4 AMD Ryzen 5 1400 BOX (YD1400BBAEBOX),4762,https://elmir.ua/processors/processor_s-am4_amd_ryzen_5_1400_box_yd1400bbaebox.html
Процессор s-AM3 AMD FX-8370 X8 BOX (FD8370FRHKHBX),4781,https://elmir.ua/processors/processor_s-am3_amd_fx-8370_x8_box_fd8370frhkhbx.html
Процессор s-1151 Intel Core i5-7400 3.0GHz/6Mb Tray (CM8067702867050),4975,https://elmir.ua/processors/processor_s-1151_intel_core_i5-7400_3_0ghz_6mb_tray_cm8067702867050.html
Процессор s-1151 Intel Core i3-7350K 4.2GHz/4Mb BOX (BX80677I37350K),5023,https://elmir.ua/processors/processor_s-1151_intel_core_i3-7350k_4_2ghz_4mb_box_bx80677i37350k.html
Процессор s-1151 Intel Core i5-7400 3.0GHz/6Mb BOX (BX80677I57400),5193,https://elmir.ua/processors/processor_s-1151_intel_core_i5-7400_3_0ghz_6mb_box_bx80677i57400.html
Процессор s-1151 Intel Core i5-7500 3.4GHz/6Mb Tray (CM8067702868012),5282,https://elmir.ua/processors/processor_s-1151_intel_core_i5-7500_3_4ghz_6mb_tray_cm8067702868012.html
Процессор s-AM4 AMD Ryzen 5 1500X BOX (YD150XBBAEBOX),5675,https://elmir.ua/processors/processor_s-am4_amd_ryzen_5_1500x_box_yd150xbbaebox.html
Процессор s-1151 Intel Core i3-8350K 4.0GHz/8Mb BOX (BX80684I38350K),5727,https://elmir.ua/processors/processor_s-1151_intel_core_i3-8350k_4_0ghz_8mb_box_bx80684i38350k.html
Процессор s-1151 Intel Core i5-7500 3.4GHz/6Mb BOX (BX80677I57500),6069,https://elmir.ua/processors/processor_s-1151_intel_core_i5-7500_3_4ghz_6mb_box_bx80677i57500.html
Процессор s-1151 Intel Core i5-7600 3.5GHz/6Mb Tray (CM8067702868011),6159,https://elmir.ua/processors/processor_s-1151_intel_core_i5-7600_3_5ghz_6mb_tray_cm8067702868011.html
Процессор s-2066 Intel Core i5-7640X 4.0GHz/6MB BOX (BX80677I57640X),6856,https://elmir.ua/processors/processor_s-2066_intel_core_i5-7640x_4_0ghz_6mb_box_bx80677i57640x.html
Процессор s-AM3 AMD FX-9370 X8 BOX (FD9370FHHKWOF),6888,https://elmir.ua/processors/processor_s-am3_amd_fx-9370_x8_box_fd9370fhhkwof.html
Процессор s-1151 Intel Core i5-8400 2.8GHz/9Mb Tray (CM8068403358811),6893,https://elmir.ua/processors/processor_s-1151_intel_core_i5-8400_2_8ghz_9mb_tray_cm8068403358811.html
Процессор s-1151 Intel Core i5-6600K 3.5GHz/6Mb BOX (BX80662I56600K),6954,https://elmir.ua/processors/processor_s-1151_intel_core_i5-6600k_3_5ghz_6mb_box_bx80662i56600k.html
Процессор s-AM4 AMD Ryzen 5 1600 BOX (YD1600BBAEBOX),7033,https://elmir.ua/processors/processor_s-am4_amd_ryzen_5_1600_box_yd1600bbaebox.html
Процессор s-1151 Intel Core i5-7600 3.5GHz/6Mb BOX (BX80677I57600),7162,https://elmir.ua/processors/processor_s-1151_intel_core_i5-7600_3_5ghz_6mb_box_bx80677i57600.html
Процессор s-1151 Intel Core i5-8400 2.8GHz/9Mb BOX (BX80684I58400),7740,https://elmir.ua/processors/processor_s-1151_intel_core_i5-8400_2_8ghz_9mb_box_bx80684i58400.html
Процессор s-1151 Intel Core i5-7600K 3.8GHz/6Mb BOX (BX80677I57600K),7772,https://elmir.ua/processors/processor_s-1151_intel_core_i5-7600k_3_8ghz_6mb_box_bx80677i57600k.html
Процессор s-AM4 AMD Ryzen 5 1600X BOX (YD160XBCAEWOF),7790,https://elmir.ua/processors/processor_s-am4_amd_ryzen_5_1600x_box_yd160xbcaewof.html
Процессор s-1150 Intel Core i5-5675C 3.1GHz/4Mb BOX (BX80658I55675C),8191,https://elmir.ua/processors/processor_s-1150_intel_core_i5-5675c_3_1ghz_4mb_box_bx80658i55675c.html
Процессор s-1151 Intel Core i7-7700 3.6GHz/8Mb Tray (CM8067702868314),8323,https://elmir.ua/processors/processor_s-1151_intel_core_i7-7700_3_6ghz_8mb_tray_cm8067702868314.html
Процессор s-1151 Intel Core i5-8600K 3.6GHz/9Mb Tray (CM8068403358508),8345,https://elmir.ua/processors/processor_s-1151_intel_core_i5-8600k_3_6ghz_9mb_tray_cm8068403358508.html
Процессор s-1151 Intel Core i5-8600K 3.6GHz/9Mb BOX (BX80684I58600K),8672,https://elmir.ua/processors/processor_s-1151_intel_core_i5-8600k_3_6ghz_9mb_box_bx80684i58600k.html
Процессор s-1151 Intel Core i7-7700K 4.2GHz/8Mb Tray (CM8067702868535),9116,https://elmir.ua/processors/processor_s-1151_intel_core_i7-7700k_4_2ghz_8mb_tray_cm8067702868535.html
Процессор s-2011-v3 Intel Core i7-6800K 3.4GHz/15Mb BOX (BX80671I76800K),9530,https://elmir.ua/processors/processor_s-2011-v3_intel_core_i7-6800k_3_4ghz_15mb_box_bx80671i76800k.html
Процессор s-1151 Intel Core i7-7700 3.6GHz/8Mb BOX (BX80677I77700),9722,https://elmir.ua/processors/processor_s-1151_intel_core_i7-7700_3_6ghz_8mb_box_bx80677i77700.html
Процессор s-1151 Intel Core i7-6700K 4.0GHz/8Mb BOX (BX80662I76700K),9759,https://elmir.ua/processors/processor_s-1151_intel_core_i7-6700k_4_0ghz_8mb_box_bx80662i76700k.html
Процессор s-AM4 AMD Ryzen 7 1700 BOX (YD1700BBAEBOX),9802,https://elmir.ua/processors/processor_s-am4_amd_ryzen_7_1700_box_yd1700bbaebox.html
Процессор s-2066 Intel Core i7-7740X 4.3GHz/8MB BOX (BX80677I77740X),10181,https://elmir.ua/processors/processor_s-2066_intel_core_i7-7740x_4_3ghz_8mb_box_bx80677i77740x.html
Процессор s-2011-v3 Intel Core i7-6850K 3.6GHz/15Mb BOX (BX80671I76850K),10357,https://elmir.ua/processors/processor_s-2011-v3_intel_core_i7-6850k_3_6ghz_15mb_box_bx80671i76850k.html
Процессор s-AM4 AMD Ryzen 7 1700X BOX (YD170XBCAEWOF),11049,https://elmir.ua/processors/processor_s-am4_amd_ryzen_7_1700x_box_yd170xbcaewof.html
Процессор s-1151 Intel Core i7-7700K 4.2GHz/8Mb BOX (BX80677I77700K),11101,https://elmir.ua/processors/processor_s-1151_intel_core_i7-7700k_4_2ghz_8mb_box_bx80677i77700k.html
Процессор s-1151 Intel Core i7-8700 3.2GHz/12Mb BOX (BX80684I78700),11857,https://elmir.ua/processors/processor_s-1151_intel_core_i7-8700_3_2ghz_12mb_box_bx80684i78700.html
Процессор s-1151 Intel Core i7-8700K 3.7GHz/12Mb Tray (CM8068403358220),12207,https://elmir.ua/processors/processor_s-1151_intel_core_i7-8700k_3_7ghz_12mb_tray_cm8068403358220.html
Процессор s-2066 Intel Core i7-7800X 3.5GHz/8MB BOX (BX80673I77800X),12342,https://elmir.ua/processors/processor_s-2066_intel_core_i7-7800x_3_5ghz_8mb_box_bx80673i77800x.html
Процессор s-1151 Intel Core i7-8700K 3.7GHz/12Mb BOX (BX80684I78700K),12366,https://elmir.ua/processors/processor_s-1151_intel_core_i7-8700k_3_7ghz_12mb_box_bx80684i78700k.html
Процессор s-AM4 AMD Ryzen 7 1800X BOX (YD180XBCAEWOF),12895,https://elmir.ua/processors/processor_s-am4_amd_ryzen_7_1800x_box_yd180xbcaewof.html
Процессор s-TR4 AMD Ryzen Threadripper 1900X BOX (YD190XA8AEWOF),17514,https://elmir.ua/processors/processor_s-tr4_amd_ryzen_threadripper_1900x_box_yd190xa8aewof.html
Процессор s-2011-v3 Intel Core i7-5960X 3.0GHz/20Mb BOX (BX80648I75960X),18782,https://elmir.ua/processors/processor_s-2011-v3_intel_core_i7-5960x_3_0ghz_20mb_box_bx80648i75960x.html
Процессор s-2066 Intel Core i7-7820X 3.6GHz/11MB BOX (BX80673I77820X),20660,https://elmir.ua/processors/processor_s-2066_intel_core_i7-7820x_3_6ghz_11mb_box_bx80673i77820x.html
Процессор s-TR4 AMD Ryzen Threadripper 1920X BOX (YD192XA8AEWOF),25654,https://elmir.ua/processors/processor_s-tr4_amd_ryzen_threadripper_1920x_box_yd192xa8aewof.html
Процессор s-2066 Intel Core i9-7900X 3.3GHz/13.75MB BOX (BX80673I97900X),32739,https://elmir.ua/processors/processor_s-2066_intel_core_i9-7900x_3_3ghz_13_75mb_box_bx80673i97900x.html
Процессор s-TR4 AMD Ryzen Threadripper 1950X BOX (YD195XA8AEWOF),33164,https://elmir.ua/processors/processor_s-tr4_amd_ryzen_threadripper_1950x_box_yd195xa8aewof.html
Процессор s-2066 Intel Core i9-7920X 2.9GHz/16.5MB BOX (BX80673I97920X),37844,https://elmir.ua/processors/processor_s-2066_intel_core_i9-7920x_2_9ghz_16_5mb_box_bx80673i97920x.html
Процессор s-2066 Intel Core i9-7940X 3.1GHz/19.25MB BOX (BX80673I97940X),45082,https://elmir.ua/processors/processor_s-2066_intel_core_i9-7940x_3_1ghz_19_25mb_box_bx80673i97940x.html
Процессор s-2066 Intel Core i9-7960X 2.8GHz/22MB BOX (BX80673I97960X),55783,https://elmir.ua/processors/processor_s-2066_intel_core_i9-7960x_2_8ghz_22mb_box_bx80673i97960x.html
Процессор s-2066 Intel Core i9-7980XE 2.6GHz/24.75MB BOX (BX80673I97980X),70502,https://elmir.ua/processors/processor_s-2066_intel_core_i9-7980xe_2_6ghz_24_75mb_box_bx80673i97980x.html

Price from,2018-01-30 23:50,
Item Name ,Item Price,Item Url
Материнская плата s-1150 H81 ASRock H81M-VG4 R3.0 mATX,1077,https://elmir.ua/motherboards/motherboard_s-1150_h81_asrock_h81m-vg4_r3_0_matx.html
Материнская плата s-1150 H81 Asus H81M-R/C/SI mATX,1118,https://elmir.ua/motherboards/motherboard_s-1150_h81_asus_h81m-r_c_si_matx.html
Материнская плата s-1150 H81 MSI H81M-E33 mATX,1166,https://elmir.ua/motherboards/motherboard_s-1150_h81_msi_h81m-e33_matx.html
Материнская плата s-1150 H81 GigaByte GA-H81M-S1 mATX,1172,https://elmir.ua/motherboards/motherboard_s-1150_h81_gigabyte_ga-h81m-s1_matx.html
Материнская плата s-1150 H81 MSI H81M-P33 mATX,1180,https://elmir.ua/motherboards/motherboard_s-1150_h81_msi_h81m-p33_matx.html
Материнская плата s-AM3 nVidia GeForce 7025 ASRock N68-GS4 FX R2.0 mATX,1192,https://elmir.ua/motherboards/motherboard_s-am3_nvidia_geforce_7025_asrock_n68-gs4_fx_r2_0_matx.html
Материнская плата s-FM2+ AMD A68H ASRock FM2A68M-DG3+ mATX,1221,https://elmir.ua/motherboards/motherboard_s-fm2+_amd_a68h_asrock_fm2a68m-dg3+_matx.html
Материнская плата s-FM2+ AMD A70M Biostar A68MD PRO mATX,1227,https://elmir.ua/motherboards/motherboard_s-fm2+_amd_a70m_biostar_a68md_pro_matx.html
Материнская плата s-1150 H81 GigaByte GA-H81M-S2V mATX,1244,https://elmir.ua/motherboards/motherboard_s-1150_h81_gigabyte_ga-h81m-s2v_matx.html
Материнская плата s-1150 H81 ASRock H81M-DGS R2.0 mATX,1257,https://elmir.ua/motherboards/motherboard_s-1150_h81_asrock_h81m-dgs_r2_0_matx.html
Материнская плата s-FM2+ AMD A68H MSI A68HM-P33 V2 mATX,1299,https://elmir.ua/motherboards/motherboard_s-fm2+_amd_a68h_msi_a68hm-p33_v2_matx.html
Материнская плата s-FM2+ AMD A68H MSI A68HM-E33 V2 mATX,1299,https://elmir.ua/motherboards/motherboard_s-fm2+_amd_a68h_msi_a68hm-e33_v2_matx.html
Материнская плата s-FM2+ AMD A68H GigaByte GA-F2A68HM-S1 mATX,1299,https://elmir.ua/motherboards/motherboard_s-fm2+_amd_a68h_gigabyte_ga-f2a68hm-s1_matx.html
Материнская плата s-FM2+ AMD A68H ASRock FM2A68M-HD+ mATX,1313,https://elmir.ua/motherboards/motherboard_s-fm2+_amd_a68h_asrock_fm2a68m-hd+_matx.html
Материнская плата s-1150 H81 Asus H81M-K mATX,1321,https://elmir.ua/motherboards/motherboard_s-1150_h81_asus_h81m-k_matx.html
Материнская плата s-FM2+ AMD A68H GigaByte GA-F2A68HM-DS2 mATX,1330,https://elmir.ua/motherboards/motherboard_s-fm2+_amd_a68h_gigabyte_ga-f2a68hm-ds2_matx.html
Материнская плата s-1150 H81 Asus H81M-D R2.0 mATX,1372,https://elmir.ua/motherboards/motherboard_s-1150_h81_asus_h81m-d_r2_0_matx.html
Материнская плата s-1151 H110 MSI H110M Pro-D mATX,1392,https://elmir.ua/motherboards/motherboard_s-1151_h110_msi_h110m_pro-d_matx.html
Материнская плата s-FM2+ AMD A68H Asus A68HM-K mATX,1395,https://elmir.ua/motherboards/motherboard_s-fm2+_amd_a68h_asus_a68hm-k_matx.html
Материнская плата s-1151 H110 ASRock H110M-DGS R3.0 mATX,1406,https://elmir.ua/motherboards/motherboard_s-1151_h110_asrock_h110m-dgs_r3_0_matx.html
Материнская плата s-1150 H81 GigaByte GA-H81M-S2H mATX,1425,https://elmir.ua/motherboards/motherboard_s-1150_h81_gigabyte_ga-h81m-s2h_matx.html
Материнская плата + процессор AMD E2-3800 GigaByte GA-E3800N mini-ITX,1442,https://elmir.ua/motherboards/motherboard_+_cpu_amd_e2-3800_gigabyte_ga-e3800n_mini-itx.html
Материнская плата s-1150 H81 ASRock H81M-HDS R2.0 mATX,1468,https://elmir.ua/motherboards/motherboard_s-1150_h81_asrock_h81m-hds_r2_0_matx.html
Материнская плата s-1151 H110 GigaByte GA-H110M-S2 mATX,1475,https://elmir.ua/motherboards/motherboard_s-1151_h110_gigabyte_ga-h110m-s2_matx.html
Материнская плата s-1151 B150 ASRock B150M-HDS mATX,1481,https://elmir.ua/motherboards/motherboard_s-1151_b150_asrock_b150m-hds_matx.html
Материнская плата s-1151 H110 MSI H110M Pro-VD Plus mATX,1492,https://elmir.ua/motherboards/motherboard_s-1151_h110_msi_h110m_pro-vd_plus_matx.html
Материнская плата s-1151 H110 ASRock H110M-DVS R3.0 mATX,1497,https://elmir.ua/motherboards/motherboard_s-1151_h110_asrock_h110m-dvs_r3_0_matx.html
Материнская плата s-1150 H81 Asus H81M-C mATX,1500,https://elmir.ua/motherboards/motherboard_s-1150_h81_asus_h81m-c_matx.html
Материнская плата s-1151 H110 GigaByte GA-H110M-H mATX,1504,https://elmir.ua/motherboards/motherboard_s-1151_h110_gigabyte_ga-h110m-h_matx.html
Материнская плата s-1151 H110 MSI H110M Pro-VD mATX,1504,https://elmir.ua/motherboards/motherboard_s-1151_h110_msi_h110m_pro-vd_matx.html
Материнская плата s-1151 H110 MSI H110M Pro-VH mATX,1504,https://elmir.ua/motherboards/motherboard_s-1151_h110_msi_h110m_pro-vh_matx.html
Материнская плата s-1151 H110 Asus H110M-CS mATX,1504,https://elmir.ua/motherboards/motherboard_s-1151_h110_asus_h110m-cs_matx.html
Материнская плата s-AM3 nVidia GeForce 7025 ASRock N68C-GS4 FX mATX,1517,https://elmir.ua/motherboards/motherboard_s-am3_nvidia_geforce_7025_asrock_n68c-gs4_fx_matx.html
Материнская плата + процессор J1800 ASRock D1800M mATX,1544,https://elmir.ua/motherboards/motherboard_+_cpu_j1800_asrock_d1800m_matx.html
Материнская плата s-1151 H110 Asus H110M-CS/C/SI mATX,1545,https://elmir.ua/motherboards/motherboard_s-1151_h110_asus_h110m-cs_c_si_matx.html
Материнская плата s-AM4 AMD A320 Biostar A320MD PRO mATX,1553,https://elmir.ua/motherboards/motherboard_s-am4_amd_a320_biostar_a320md_pro_matx.html
Материнская плата s-1151 H110 ASRock H110M-HDV R3.0 mATX,1554,https://elmir.ua/motherboards/motherboard_s-1151_h110_asrock_h110m-hdv_r3_0_matx.html
Материнская плата s-1151 H110 Asus H110M-R/C/SI mATX,1560,https://elmir.ua/motherboards/motherboard_s-1151_h110_asus_h110m-r_c_si_matx.html
Материнская плата s-1151 H110 MSI H110M Pro-VH Plus mATX,1561,https://elmir.ua/motherboards/motherboard_s-1151_h110_msi_h110m_pro-vh_plus_matx.html
Материнская плата s-1151 H110 GigaByte GA-H110M-DS2 mATX,1564,https://elmir.ua/motherboards/motherboard_s-1151_h110_gigabyte_ga-h110m-ds2_matx.html
Материнская плата s-1151 H110 GigaByte GA-H110M-S2H mATX,1565,https://elmir.ua/motherboards/motherboard_s-1151_h110_gigabyte_ga-h110m-s2h_matx.html
Материнская плата s-1151 H110 GigaByte GA-H110M-S2V mATX,1572,https://elmir.ua/motherboards/motherboard_s-1151_h110_gigabyte_ga-h110m-s2v_matx.html
Материнская плата s-AM3 AMD 760G Asus M5A78L-M LX3 mATX,1577,https://elmir.ua/motherboards/motherboard_s-am3_amd_760g_asus_m5a78l-m_lx3_matx.html
Материнская плата s-AM4 AMD A320 ASRock A320M-DGS mATX,1603,https://elmir.ua/motherboards/motherboard_s-am4_amd_a320_asrock_a320m-dgs_matx.html
Материнская плата s-FM2+ AMD A68H Asus A68HM-Plus mATX,1609,https://elmir.ua/motherboards/motherboard_s-fm2+_amd_a68h_asus_a68hm-plus_matx.html
Материнская плата s-1151 H110 Asus H110M-K mATX,1616,https://elmir.ua/motherboards/motherboard_s-1151_h110_asus_h110m-k_matx.html
Материнская плата s-1151 H110 ASRock H110M-HDS mATX,1665,https://elmir.ua/motherboards/motherboard_s-1151_h110_asrock_h110m-hds_matx.html
Материнская плата + процессор J1800 Asus J1800I-C mini-ITX,1698,https://elmir.ua/motherboards/motherboard_+_cpu_j1800_asus_j1800i-c_mini-itx.html
Материнская плата + процессор N3050 GigaByte GA-N3050N-D2P mini-ITX,1702,https://elmir.ua/motherboards/motherboard_+_cpu_n3050_gigabyte_ga-n3050n-d2p_mini-itx.html
Материнская плата s-AM4 AMD A320 MSI A320M Pro-VD/S mATX,1707,https://elmir.ua/motherboards/motherboard_s-am4_amd_a320_msi_a320m_pro-vd_s_matx.html
Материнская плата + процессор J1800 ASRock D1800B-ITX mini-ITX,1711,https://elmir.ua/motherboards/motherboard_+_cpu_j1800_asrock_d1800b-itx_mini-itx.html
Материнская плата s-1151 H110 Asus H110M-D mATX,1731,https://elmir.ua/motherboards/motherboard_s-1151_h110_asus_h110m-d_matx.html
Материнская плата s-AM4 AMD A320 Gigabyte GA-A320M-DS2 mATX,1739,https://elmir.ua/motherboards/motherboard_s-am4_amd_a320_gigabyte_ga-a320m-ds2_matx.html
Материнская плата s-1151 H110 GigaByte GA-H110M-HD2 mATX,1755,https://elmir.ua/motherboards/motherboard_s-1151_h110_gigabyte_ga-h110m-hd2_matx.html
Материнская плата s-1151 H110 MSI H110M Eco mATX,1784,https://elmir.ua/motherboards/motherboard_s-1151_h110_msi_h110m_eco_matx.html
Материнская плата s-1151 H110 Asus H110M-A/M.2 mATX,1785,https://elmir.ua/motherboards/motherboard_s-1151_h110_asus_h110m-a_m_2_matx.html
Материнская плата + процессор N3050 Asus N3050I-C mini-ITX,1798,https://elmir.ua/motherboards/motherboard_+_cpu_n3050_asus_n3050i-c_mini-itx.html
Материнская плата s-FM2+ AMD A78 GigaByte GA-F2A78M-DS2 mATX,1807,https://elmir.ua/motherboards/motherboard_s-fm2+_amd_a78_gigabyte_ga-f2a78m-ds2_matx.html
Материнская плата s-1151 H110 GigaByte GA-H110M-M.2 mATX,1808,https://elmir.ua/motherboards/motherboard_s-1151_h110_gigabyte_ga-h110m-m_2_matx.html
Материнская плата s-1150 H81 GigaByte GA-H81M-HD3 mATX,1812,https://elmir.ua/motherboards/motherboard_s-1150_h81_gigabyte_ga-h81m-hd3_matx.html
Материнская плата s-AM4 AMD A320 ASRock A320M-HDV mATX,1831,https://elmir.ua/motherboards/motherboard_s-am4_amd_a320_asrock_a320m-hdv_matx.html
Материнская плата s-AM3 AMD 760G Asus M5A78L-M LE/USB3 mATX,1836,https://elmir.ua/motherboards/motherboard_s-am3_amd_760g_asus_m5a78l-m_le_usb3_matx.html
Материнская плата s-AM4 AMD A320 MSI A320M Pro-VD Plus mATX,1837,https://elmir.ua/motherboards/motherboard_s-am4_amd_a320_msi_a320m_pro-vd_plus_matx.html
Материнская плата s-1150 B85 Asus B85M-K mATX,1839,https://elmir.ua/motherboards/motherboard_s-1150_b85_asus_b85m-k_matx.html
Материнская плата s-AM4 AMD A320 Asus Prime A320M-K mATX,1841,https://elmir.ua/motherboards/motherboard_s-am4_amd_a320_asus_prime_a320m-k_matx.html
Материнская плата s-1150 H81 MSI H81I mini-ITX,1860,https://elmir.ua/motherboards/motherboard_s-1150_h81_msi_h81i_mini-itx.html
Материнская плата s-AM4 AMD A320 Gigabyte GA-A320M-S2H mATX,1869,https://elmir.ua/motherboards/motherboard_s-am4_amd_a320_gigabyte_ga-a320m-s2h_matx.html
Материнская плата s-AM4 AMD A320 MSI A320M PRO-VH PLUS mATX,1873,https://elmir.ua/motherboards/motherboard_s-am4_amd_a320_msi_a320m_pro-vh_plus_matx.html
Материнская плата s-1150 B85 Asus B85M-G mATX,1878,https://elmir.ua/motherboards/motherboard_s-1150_b85_asus_b85m-g_matx.html
Материнская плата s-1151 H110 GigaByte GA-H110M-S2PV mATX,1881,https://elmir.ua/motherboards/motherboard_s-1151_h110_gigabyte_ga-h110m-s2pv_matx.html
Материнская плата s-1151 H110 Asus H110M-C mATX,1883,https://elmir.ua/motherboards/motherboard_s-1151_h110_asus_h110m-c_matx.html
Материнская плата s-AM4 AMD A320 ASRock A320M mATX,1894,https://elmir.ua/motherboards/motherboard_s-am4_amd_a320_asrock_a320m_matx.html
Материнская плата s-1151 H110 MSI H110M-A Pro M2 mATX,1905,https://elmir.ua/motherboards/motherboard_s-1151_h110_msi_h110m-a_pro_m2_matx.html
Материнская плата + процессор J1900 ASRock Q1900M mATX,1936,https://elmir.ua/motherboards/motherboard_+_cpu_j1900_asrock_q1900m_matx.html
Материнская плата + процессор J3355 GigaByte GA-J3355N-D2P mini-ITX,1965,https://elmir.ua/motherboards/motherboard_+_cpu_j3355_gigabyte_ga-j3355n-d2p_mini-itx.html
Материнская плата s-1151 H110 GigaByte GA-H110M-S2HP mATX,1978,https://elmir.ua/motherboards/motherboard_s-1151_h110_gigabyte_ga-h110m-s2hp_matx.html
Материнская плата s-1151 H110 ASRock H110M-ITX mini-ITX,1982,https://elmir.ua/motherboards/motherboard_s-1151_h110_asrock_h110m-itx_mini-itx.html
Материнская плата s-1151 B250 ASRock B250M-HDV mATX,1993,https://elmir.ua/motherboards/motherboard_s-1151_b250_asrock_b250m-hdv_matx.html
Материнская плата s-1151 B250 MSI B250M Pro-VH mATX,2000,https://elmir.ua/motherboards/motherboard_s-1151_b250_msi_b250m_pro-vh_matx.html
Материнская плата s-1151 H110 ASRock H110M-G/M.2 mATX,2013,https://elmir.ua/motherboards/motherboard_s-1151_h110_asrock_h110m-g_m_2_matx.html
Материнская плата s-1151 H110 MSI H110M Gaming mATX,2017,https://elmir.ua/motherboards/motherboard_s-1151_h110_msi_h110m_gaming_matx.html
Материнская плата s-1151 H110 GigaByte GA-H110M-D3H R2 mATX,2022,https://elmir.ua/motherboards/motherboard_s-1151_h110_gigabyte_ga-h110m-d3h_r2_matx.html
Материнская плата s-FM2+ AMD A78 ASRock FM2A78 Pro4+ ATX,2023,https://elmir.ua/motherboards/motherboard_s-fm2+_amd_a78_asrock_fm2a78_pro4+_atx.html
Материнская плата s-AM4 AMD A320 Asus Prime A320M-E mATX,2026,https://elmir.ua/motherboards/motherboard_s-am4_amd_a320_asus_prime_a320m-e_matx.html
Материнская плата s-1151 H110 Asus H110M-C/CSM mATX,2056,https://elmir.ua/motherboards/motherboard_s-1151_h110_asus_h110m-c_csm_matx.html
Материнская плата s-AM4 AMD A320 Gigabyte GA-A320M-HD2 mATX,2063,https://elmir.ua/motherboards/motherboard_s-am4_amd_a320_gigabyte_ga-a320m-hd2_matx.html
Материнская плата s-1151 H110 MSI H110I Pro mini-ITX,2068,https://elmir.ua/motherboards/motherboard_s-1151_h110_msi_h110i_pro_mini-itx.html
Материнская плата s-1151 H110 Asus H110M-Plus mATX,2085,https://elmir.ua/motherboards/motherboard_s-1151_h110_asus_h110m-plus_matx.html
Материнская плата s-1151 H110 Asus H110I-Plus mini-ITX,2085,https://elmir.ua/motherboards/motherboard_s-1151_h110_asus_h110i-plus_mini-itx.html
Материнская плата s-775 G41 ASRock G41M-VS3 R2.0 mATX,2097,https://elmir.ua/motherboards/motherboard_s-775_g41_asrock_g41m-vs3_r2_0_matx.html
Материнская плата s-1151 B250 MSI B250M Pro-VD mATX,2103,https://elmir.ua/motherboards/motherboard_s-1151_b250_msi_b250m_pro-vd_matx.html
Материнская плата + процессор J1900 ASRock Q1900B-ITX mini-ITX,2106,https://elmir.ua/motherboards/motherboard_+_cpu_j1900_asrock_q1900b-itx_mini-itx.html
Материнская плата s-1151 B250 GigaByte GA-B250M-D2V mATX,2121,https://elmir.ua/motherboards/motherboard_s-1151_b250_gigabyte_ga-b250m-d2v_matx.html
Материнская плата s-AM4 AMD A320 MSI A320M Grenade mATX,2127,https://elmir.ua/motherboards/motherboard_s-am4_amd_a320_msi_a320m_grenade_matx.html
Материнская плата s-1151 H110 Asus H110M-A/DP/C/SI mATX,2140,https://elmir.ua/motherboards/motherboard_s-1151_h110_asus_h110m-a_dp_c_si_matx.html
Материнская плата s-AM4 AMD A320 Asus Prime A320M-C R2.0/C/SI mATX,2142,https://elmir.ua/motherboards/motherboard_s-am4_amd_a320_asus_prime_a320m-c_r2_0_c_si_matx.html
Материнская плата + процессор J3355 ASRock J3355M mATX,2154,https://elmir.ua/motherboards/motherboard_+_cpu_j3355_asrock_j3355m_matx.html
Материнская плата s-1151 H110 MSI H110M Grenade mATX,2180,https://elmir.ua/motherboards/motherboard_s-1151_h110_msi_h110m_grenade_matx.html
Материнская плата s-AM4 AMD A320 Asus Prime A320M-A mATX,2198,https://elmir.ua/motherboards/motherboard_s-am4_amd_a320_asus_prime_a320m-a_matx.html
Материнская плата s-AM4 AMD A320 MSI A320M Bazooka mATX,2221,https://elmir.ua/motherboards/motherboard_s-am4_amd_a320_msi_a320m_bazooka_matx.html
Материнская плата s-1151 B250 MSI B250M Pro-VDH mATX,2223,https://elmir.ua/motherboards/motherboard_s-1151_b250_msi_b250m_pro-vdh_matx.html
Материнская плата s-1151 B250 Asus Prime B250M-K mATX,2248,https://elmir.ua/motherboards/motherboard_s-1151_b250_asus_prime_b250m-k_matx.html
Материнская плата s-AM4 AMD A320 MSI A320M Gaming Pro mATX,2261,https://elmir.ua/motherboards/motherboard_s-am4_amd_a320_msi_a320m_gaming_pro_matx.html
Материнская плата s-775 G41 ASRock G41C-GS R2.0 mATX,2261,https://elmir.ua/motherboards/motherboard_s-775_g41_asrock_g41c-gs_r2_0_matx.html
Материнская плата s-AM4 AMD B350 ASRock AB350M-HDV mATX,2264,https://elmir.ua/motherboards/motherboard_s-am4_amd_b350_asrock_ab350m-hdv_matx.html
Материнская плата s-AM4 AMD B350 ASRock AB350M mATX,2264,https://elmir.ua/motherboards/motherboard_s-am4_amd_b350_asrock_ab350m_matx.html
Материнская плата s-AM4 AMD A320 ASRock A320M Pro4 mATX,2293,https://elmir.ua/motherboards/motherboard_s-am4_amd_a320_asrock_a320m_pro4_matx.html
Материнская плата s-1151 B250 GigaByte GA-B250M-D3V mATX,2305,https://elmir.ua/motherboards/motherboard_s-1151_b250_gigabyte_ga-b250m-d3v_matx.html
Материнская плата + процессор J3355 Asus Prime J3355I-C mini-ITX,2321,https://elmir.ua/motherboards/motherboard_+_cpu_j3355_asus_prime_j3355i-c_mini-itx.html
Материнская плата s-1151 H110 MSI H110 PC Mate ATX,2321,https://elmir.ua/motherboards/motherboard_s-1151_h110_msi_h110_pc_mate_atx.html
Материнская плата s-1151 B250 GigaByte GA-B250M-DS3H mATX,2362,https://elmir.ua/motherboards/motherboard_s-1151_b250_gigabyte_ga-b250m-ds3h_matx.html
Материнская плата + процессор J1900 Asus J1900I-C mini-ITX,2375,https://elmir.ua/motherboards/motherboard_+_cpu_j1900_asus_j1900i-c_mini-itx.html
Материнская плата s-1151 H110 Asus H110-Plus ATX,2376,https://elmir.ua/motherboards/motherboard_s-1151_h110_asus_h110-plus_atx.html
Материнская плата s-AM4 AMD B350 Asus Prime B350M-K mATX,2397,https://elmir.ua/motherboards/motherboard_s-am4_amd_b350_asus_prime_b350m-k_matx.html
Материнская плата s-AM4 AMD B350 MSI B350M PRO-VDH mATX,2398,https://elmir.ua/motherboards/motherboard_s-am4_amd_b350_msi_b350m_pro-vdh_matx.html
Материнская плата s-1151 H110 GigaByte GA-H110N mini-ITX,2413,https://elmir.ua/motherboards/motherboard_s-1151_h110_gigabyte_ga-h110n_mini-itx.html
Материнская плата s-1151 H110 Asus H110S1 mini-STX,2426,https://elmir.ua/motherboards/motherboard_s-1151_h110_asus_h110s1_mini-stx.html
Материнская плата + процессор J3455 ASRock J3455M mATX,2435,https://elmir.ua/motherboards/motherboard_+_cpu_j3455_asrock_j3455m_matx.html
Материнская плата s-1151 B250 MSI B250M Bazooka mATX,2435,https://elmir.ua/motherboards/motherboard_s-1151_b250_msi_b250m_bazooka_matx.html
Материнская плата s-AM4 AMD B350 MSI B350M PRO-VD Plus mATX,2440,https://elmir.ua/motherboards/motherboard_s-am4_amd_b350_msi_b350m_pro-vd_plus_matx.html
Материнская плата s-1151 B250 ASRock B250M Pro4 mATX,2443,https://elmir.ua/motherboards/motherboard_s-1151_b250_asrock_b250m_pro4_matx.html
Материнская плата + процессор J3455 ASRock J3455B-ITX mini-ITX,2491,https://elmir.ua/motherboards/motherboard_+_cpu_j3455_asrock_j3455b-itx_mini-itx.html
Материнская плата s-AM4 AMD B350 MSI B350M Gaming Pro mATX,2494,https://elmir.ua/motherboards/motherboard_s-am4_amd_b350_msi_b350m_gaming_pro_matx.html
Материнская плата s-1151 H110 Asus H110S2 mini-STX,2507,https://elmir.ua/motherboards/motherboard_s-1151_h110_asus_h110s2_mini-stx.html
Материнская плата s-1151 B250 GigaByte GA-B250M-D3H mATX,2510,https://elmir.ua/motherboards/motherboard_s-1151_b250_gigabyte_ga-b250m-d3h_matx.html
Материнская плата s-1151 B250 MSI B250M Bazooka Plus mATX,2516,https://elmir.ua/motherboards/motherboard_s-1151_b250_msi_b250m_bazooka_plus_matx.html
Материнская плата s-1151 B250 MSI B250M Gaming Pro mATX,2547,https://elmir.ua/motherboards/motherboard_s-1151_b250_msi_b250m_gaming_pro_matx.html
Материнская плата + процессор N3150 GigaByte GA-N3150N-D3V mini-ITX,2548,https://elmir.ua/motherboards/motherboard_+_cpu_n3150_gigabyte_ga-n3150n-d3v_mini-itx.html
Материнская плата s-1151 B250 Asus Prime B250M-A mATX,2568,https://elmir.ua/motherboards/motherboard_s-1151_b250_asus_prime_b250m-a_matx.html
Материнская плата s-AM4 AMD A320 Asus EX-A320M-Gaming mATX,2576,https://elmir.ua/motherboards/motherboard_s-am4_amd_a320_asus_ex-a320m-gaming_matx.html
Материнская плата s-AM4 AMD B350 Asus Prime B350M-E mATX,2588,https://elmir.ua/motherboards/motherboard_s-am4_amd_b350_asus_prime_b350m-e_matx.html
Материнская плата s-1151 B150 MSI B150I Gaming Pro mini-ITX,2595,https://elmir.ua/motherboards/motherboard_s-1151_b150_msi_b150i_gaming_pro_mini-itx.html
Материнская плата s-AM4 AMD B350 MSI B350M Bazooka mATX,2609,https://elmir.ua/motherboards/motherboard_s-am4_amd_b350_msi_b350m_bazooka_matx.html
Материнская плата s-AM4 AMD B350 Asus Prime B350M-A mATX,2632,https://elmir.ua/motherboards/motherboard_s-am4_amd_b350_asus_prime_b350m-a_matx.html
Материнская плата s-AM4 AMD B350 GigaByte GA-AB350-Gaming ATX,2654,https://elmir.ua/motherboards/motherboard_s-am4_amd_b350_gigabyte_ga-ab350-gaming_atx.html
Материнская плата + процессор J3455 ASRock J3455-ITX mini-ITX,2661,https://elmir.ua/motherboards/motherboard_+_cpu_j3455_asrock_j3455-itx_mini-itx.html
Материнская плата s-AM4 AMD B350 MSI B350 PC Mate ATX,2669,https://elmir.ua/motherboards/motherboard_s-am4_amd_b350_msi_b350_pc_mate_atx.html
Материнская плата s-AM4 AMD B350 MSI B350M Mortar mATX,2684,https://elmir.ua/motherboards/motherboard_s-am4_amd_b350_msi_b350m_mortar_matx.html
Материнская плата s-1151 B250 MSI B250M Mortar mATX,2698,https://elmir.ua/motherboards/motherboard_s-1151_b250_msi_b250m_mortar_matx.html
Материнская плата + процессор J3455 Asus J3455M-E mATX,2705,https://elmir.ua/motherboards/motherboard_+_cpu_j3455_asus_j3455m-e_matx.html
Материнская плата + процессор N3150 Asus N3150I-C mini-ITX,2711,https://elmir.ua/motherboards/motherboard_+_cpu_n3150_asus_n3150i-c_mini-itx.html
Материнская плата s-1151 B250 MSI B250 PC Mate ATX,2730,https://elmir.ua/motherboards/motherboard_s-1151_b250_msi_b250_pc_mate_atx.html
Материнская плата s-1151 B250 ASRock B250 Pro4 ATX,2731,https://elmir.ua/motherboards/motherboard_s-1151_b250_asrock_b250_pro4_atx.html
Материнская плата s-1151 B250 GigaByte GA-B250-HD3 ATX,2732,https://elmir.ua/motherboards/motherboard_s-1151_b250_gigabyte_ga-b250-hd3_atx.html
Материнская плата s-1151 B250 MSI B250I Pro miniITX,2760,https://elmir.ua/motherboards/motherboard_s-1151_b250_msi_b250i_pro_miniitx.html
Материнская плата s-AM4 AMD B350 ASRock AB350M PRO4 mATX,2764,https://elmir.ua/motherboards/motherboard_s-am4_amd_b350_asrock_ab350m_pro4_matx.html
Материнская плата s-1151 B150 Asus B150M-C/CSM mATX,2772,https://elmir.ua/motherboards/motherboard_s-1151_b150_asus_b150m-c_csm_matx.html
Материнская плата s-1150 H81 Colorful H81A-BTC V20,2830,https://elmir.ua/motherboards/motherboard_s-1150_h81_colorful_h81a-btc_v20.html
Материнская плата s-1151 B250 GigaByte GA-B250M-Gaming 3 mATX,2885,https://elmir.ua/motherboards/motherboard_s-1151_b250_gigabyte_ga-b250m-gaming_3_matx.html
Материнская плата s-1151 B250 MSI B250M Mortar Arctic mATX,2889,https://elmir.ua/motherboards/motherboard_s-1151_b250_msi_b250m_mortar_arctic_matx.html
Материнская плата s-AM4 AMD B350 MSI B350 Gaming Plus ATX,2893,https://elmir.ua/motherboards/motherboard_s-am4_amd_b350_msi_b350_gaming_plus_atx.html
Материнская плата s-1151 B250 Asus Prime B250M-Plus mATX,2905,https://elmir.ua/motherboards/motherboard_s-1151_b250_asus_prime_b250m-plus_matx.html
Материнская плата s-1151 B250 Asus Prime B250M-C mATX,2906,https://elmir.ua/motherboards/motherboard_s-1151_b250_asus_prime_b250m-c_matx.html
Материнская плата s-1151 B250 MSI B250M Bazooka Opt Boost mATX,2921,https://elmir.ua/motherboards/motherboard_s-1151_b250_msi_b250m_bazooka_opt_boost_matx.html
Материнская плата s-1151 B250 Asus STRIX B250G Gaming mATX,2930,https://elmir.ua/motherboards/motherboard_s-1151_b250_asus_strix_b250g_gaming_matx.html
Материнская плата s-1151 H270 MSI H270M Bazooka mATX,2948,https://elmir.ua/motherboards/motherboard_s-1151_h270_msi_h270m_bazooka_matx.html
Материнская плата s-1151 B250 GigaByte GA-B250-HD3P ATX,2959,https://elmir.ua/motherboards/motherboard_s-1151_b250_gigabyte_ga-b250-hd3p_atx.html
Материнская плата s-AM4 AMD B350 ASRock AB350 Pro4 ATX,2970,https://elmir.ua/motherboards/motherboard_s-am4_amd_b350_asrock_ab350_pro4_atx.html
Материнская плата s-1151 H270 ASRock H270M Pro4 mATX,2975,https://elmir.ua/motherboards/motherboard_s-1151_h270_asrock_h270m_pro4_matx.html
Материнская плата s-1151 B250 Asus Prime B250M-C/CSM mATX,2988,https://elmir.ua/motherboards/motherboard_s-1151_b250_asus_prime_b250m-c_csm_matx.html
Материнская плата s-AM4 AMD B350 Gigabyte GA-AB350M-Gaming 3 mATX,3014,https://elmir.ua/motherboards/motherboard_s-am4_amd_b350_gigabyte_ga-ab350m-gaming_3_matx.html
Материнская плата s-1151 B250 Asus Prime B250-Plus ATX,3033,https://elmir.ua/motherboards/motherboard_s-1151_b250_asus_prime_b250-plus_atx.html
Материнская плата s-AM4 AMD B350 MSI B350M Mortar Arctic mATX,3088,https://elmir.ua/motherboards/motherboard_s-am4_amd_b350_msi_b350m_mortar_arctic_matx.html
Материнская плата s-1151 B250 ASRock Fatal1ty B250M Performance mATX,3132,https://elmir.ua/motherboards/motherboard_s-1151_b250_asrock_fatal1ty_b250m_performance_matx.html
Материнская плата s-AM4 AMD B350 MSI B350 Tomahawk ATX,3146,https://elmir.ua/motherboards/motherboard_s-am4_amd_b350_msi_b350_tomahawk_atx.html
Материнская плата s-AM4 AMD B350 MSI B350 Tomahawk Plus ATX,3168,https://elmir.ua/motherboards/motherboard_s-am4_amd_b350_msi_b350_tomahawk_plus_atx.html
Материнская плата s-AM4 AMD B350 Asus TUF B350M-Plus Gaming mATX,3180,https://elmir.ua/motherboards/motherboard_s-am4_amd_b350_asus_tuf_b350m-plus_gaming_matx.html
Материнская плата s-AM4 AMD B350 Asus Prime B350-Plus ATX,3196,https://elmir.ua/motherboards/motherboard_s-am4_amd_b350_asus_prime_b350-plus_atx.html
Материнская плата s-1151 H270 GigaByte GA-H270M-DS3H mATX,3227,https://elmir.ua/motherboards/motherboard_s-1151_h270_gigabyte_ga-h270m-ds3h_matx.html
Материнская плата s-1151 B250 GigaByte GA-B250M-Gaming 5 mATX,3284,https://elmir.ua/motherboards/motherboard_s-1151_b250_gigabyte_ga-b250m-gaming_5_matx.html
Материнская плата s-1151 H270 GigaByte GA-H270M-D3H mATX,3352,https://elmir.ua/motherboards/motherboard_s-1151_h270_gigabyte_ga-h270m-d3h_matx.html
Материнская плата s-1151 B250 Asus Prime B250-Pro ATX,3368,https://elmir.ua/motherboards/motherboard_s-1151_b250_asus_prime_b250-pro_atx.html
Материнская плата + процессор N3700 Asus N3700T/C/SI mini-ITX,3384,https://elmir.ua/motherboards/motherboard_+_cpu_n3700_asus_n3700t_c_si_mini-itx.html
Материнская плата s-AM4 AMD B350 MSI B350 Tomahawk Arctic ATX,3453,https://elmir.ua/motherboards/motherboard_s-am4_amd_b350_msi_b350_tomahawk_arctic_atx.html
Материнская плата s-AM4 AMD B350 Gigabyte GA-AB350-Gaming 3 ATX,3560,https://elmir.ua/motherboards/motherboard_s-am4_amd_b350_gigabyte_ga-ab350-gaming_3_atx.html
Материнская плата s-AM3 AMD 970 GigaByte GA-970A-DS3P ATX,3567,https://elmir.ua/motherboards/motherboard_s-am3_amd_970_gigabyte_ga-970a-ds3p_atx.html
Материнская плата s-AM3 AMD 970 GigaByte GA-970A-DS3P FX ATX,3606,https://elmir.ua/motherboards/motherboard_s-am3_amd_970_gigabyte_ga-970a-ds3p_fx_atx.html
Материнская плата s-AM4 AMD B350 MSI B350 Krait Gaming ATX,3641,https://elmir.ua/motherboards/motherboard_s-am4_amd_b350_msi_b350_krait_gaming_atx.html
Материнская плата s-1151 B250 ASRock Fatal1ty B250 Gaming K4 ATX,3663,https://elmir.ua/motherboards/motherboard_s-1151_b250_asrock_fatal1ty_b250_gaming_k4_atx.html
Материнская плата s-AM4 AMD B350 MSI B350 Gaming Pro Carbon ATX,3663,https://elmir.ua/motherboards/motherboard_s-am4_amd_b350_msi_b350_gaming_pro_carbon_atx.html
Материнская плата s-1151 H270 Asus Prime H270-Pro ATX,3712,https://elmir.ua/motherboards/motherboard_s-1151_h270_asus_prime_h270-pro_atx.html
Материнская плата + процессор J4205 ASRock J4205-ITX mini-ITX,3775,https://elmir.ua/motherboards/motherboard_+_cpu_j4205_asrock_j4205-itx_mini-itx.html
Материнская плата s-1151 Z270 ASRock Z270M Pro4 mATX,3781,https://elmir.ua/motherboards/motherboard_s-1151_z270_asrock_z270m_pro4_matx.html
Материнская плата s-1151 H270 ASRock H270 Pro4 ATX,3781,https://elmir.ua/motherboards/motherboard_s-1151_h270_asrock_h270_pro4_atx.html
Материнская плата s-1151 Z370 MSI Z370-A Pro ATX,3829,https://elmir.ua/motherboards/motherboard_s-1151_z370_msi_z370-a_pro_atx.html
Материнская плата s-1151 Z270 MSI Z270 PC Mate ATX,3863,https://elmir.ua/motherboards/motherboard_s-1151_z270_msi_z270_pc_mate_atx.html
Материнская плата s-AM4 AMD B350 Asus ROG STRIX B350-F Gaming ATX,3867,https://elmir.ua/motherboards/motherboard_s-am4_amd_b350_asus_rog_strix_b350-f_gaming_atx.html
Материнская плата s-1151 H270 MSI H270 Gaming Pro Carbon ATX,3907,https://elmir.ua/motherboards/motherboard_s-1151_h270_msi_h270_gaming_pro_carbon_atx.html
Материнская плата s-1151 B250 MSI B250 Gaming Pro Carbon ATX,3909,https://elmir.ua/motherboards/motherboard_s-1151_b250_msi_b250_gaming_pro_carbon_atx.html
Материнская плата s-1151 Z170 Asus Z170-K ATX,3915,https://elmir.ua/motherboards/motherboard_s-1151_z170_asus_z170-k_atx.html
Материнская плата s-1151 Z270 ASRock Z270M-ITX/ac mini-ITX,3948,https://elmir.ua/motherboards/motherboard_s-1151_z270_asrock_z270m-itx_ac_mini-itx.html
Материнская плата s-1151 Z270 MSI Z270M Mortar mATX,3967,https://elmir.ua/motherboards/motherboard_s-1151_z270_msi_z270m_mortar_matx.html
Материнская плата s-1151 B250 Asus STRIX B250I Gaming mini-ITX,3994,https://elmir.ua/motherboards/motherboard_s-1151_b250_asus_strix_b250i_gaming_mini-itx.html
Материнская плата s-1151 Z370 ASRock Z370 Pro4 ATX,4098,https://elmir.ua/motherboards/motherboard_s-1151_z370_asrock_z370_pro4_atx.html
Материнская плата s-AM4 AMD X370 MSI X370 Gaming Plus ATX,4105,https://elmir.ua/motherboards/motherboard_s-am4_amd_x370_msi_x370_gaming_plus_atx.html
Материнская плата s-1151 Z270 GigaByte GA-Z270-HD3 ATX,4169,https://elmir.ua/motherboards/motherboard_s-1151_z270_gigabyte_ga-z270-hd3_atx.html

